{
  "name" : "module",

  "let"  :
  {
    //"QFILES_VERSION_PART": "-${QOOXDOO_VERSION}"
    "QFILES_VERSION_PART": ""
  },

  "jobs" :
  {
    // generic build jobs
    // ------------------------------------------------------------------

    "website-libraries" :
    {
      "=library" :
      [
        {
           "manifest": "${QOOXDOO_PATH}/framework/Manifest.json"
        }
      ]
    },

    "website-common" :
    {
      "extend" : ["website-libraries"],

      "=include" : "${Q_INCLUDES}",

      "environment" :
      {
        "qx.version" : "${QOOXDOO_VERSION}",
        "qx.globalErrorHandling" : false,
        "qx.debug"   : false,
        "json" : true
      },
      "compile-options" :
      {
        "paths" :
        {
          "file-prefix" : "${QOOXDOO_PATH}/tool/data/generator/copyright.include.js"
        }
      }
    },

    "build" :
    {
      "extend" : ["website-common", "build-script"],

      "let" :
      {
        "OPTIMIZE" : ["variants"],
        "Q_INCLUDES" : "${QXWEB_ALL}",
        "BUILD_PATH" : "${SCRIPT_PATH}"
      },

      "compile-options" :
      {

        "code" : {
          "format" : true
        },

        "paths"  :
        {
          "file" : "${BUILD_PATH}/q${QFILES_VERSION_PART}.js",
          "loader-template" : "${QOOXDOO_PATH}/tool/data/generator/website.loader.tmpl.js"
        }
      }
    },

    "min-options" :
    {

      "let" : {
        "Q_INCLUDES" : "${QXWEB_ALL}"
      },

      "compile-options" :
      {
        "code" : {
          "=optimize" : [
            "basecalls",
            "comments",
            "strings",
            "variables",
            "variants",
            "statics",
            "whitespace"
          ],
          "format" : false
        },
        "paths"  :
        {
          "file" : "${BUILD_PATH}/q${QFILES_VERSION_PART}.min.js"
        }
      }
    },

    "build-min" :
    {
      "extend" : ["min-options", "build"]
    },

    // build separate modules (slice qxWeb into separate js-files)
    // ------------------------------------------------------------------
    //
    // qx.module.Core + qx.module.Animation + ...
    // => tailored qxWeb in n-js-files (core + ...)

    "build-core" :
    {
      "extend" : ["build"],
      "let" : {
        "Q_INCLUDES" : [
          "qx.module.Core",
          "qx.module.event.*",
          "qx.bom.Event",
          "qx.bom.Stylesheet",
          "qx.dom.Element",
          "qx.lang.Array",
          "qx.util.Uri",
          "qx.lang.Type",
          "qx.lang.String",
          "qx.lang.Object",
          "qx.lang.Function",
          "qx.Bootstrap"
        ]
      },
      "compile-options" :
      {
        "paths"  :
        {
          "file" : "${BUILD_PATH}/q-core${QFILES_VERSION_PART}.js"
        }
      }
    },

    "build-core-min" :
    {
      "extend" : ["build-core", "min-options"],
      "lint-check" : {
        "allowed-globals" : [ "qx.Bootstrap" ]
      },
      "compile-options" :
      {
        "paths"  :
        {
          "file" : "${BUILD_PATH}/q-core${QFILES_VERSION_PART}.min.js"
        }
      }
    },

    "build-module" :
    {
      "extend" : ["build"],
      "desc": "abstract job (requires ${MODULE_FILENAME})",
      "lint-check" : {
        "allowed-globals" : [ "qx.Bootstrap", "qxWeb" ]
      },
      "config-warnings" : {
        "exclude" : ["=qx.module.Core"]
      },
      "exclude" : ["=qx.module.Core"],
      "compile-options" :
      {
        "paths"  :
        {
          "file" : "${BUILD_PATH}/q-${MODULE_FILENAME}${QFILES_VERSION_PART}.js",
          "loader-template" : "${QOOXDOO_PATH}/tool/data/generator/website.loader.module.tmpl.js"
        }
      }
    },

    "build-module-min" :
    {
      "extend" : ["build-min"],
      "desc": "abstract job (requires ${MODULE_FILENAME})",
      "lint-check" : {
        "allowed-globals" : [ "qx.Bootstrap", "qxWeb" ]
      },
      "config-warnings" : {
        "exclude" : ["=qx.module.Core"]
      },
      "exclude" : ["=qx.module.Core"],
      "compile-options" :
      {
        "paths"  :
        {
          "file" : "${BUILD_PATH}/q-${MODULE_FILENAME}${QFILES_VERSION_PART}.min.js",
          "loader-template" : "${QOOXDOO_PATH}/tool/data/generator/website.loader.module.tmpl.js"
        }
      }
    },

    "build-module-all" :
    {
      "run" : [
        "build-core",
        "build-module-animation",
        "build-module-blocker",
        "build-module-cookie",
        "build-module-dataset",
        "build-module-dev",
        "build-module-io",
        "build-module-matchmedia",
        "build-module-messaging",
        "build-module-placeholder",
        "build-module-placement",
        "build-module-rest",
        "build-module-storage",
        "build-module-template",
        "build-module-textselection",
        "build-module-transform",
        "build-module-util",
        "build-module-ui"
      ]
    },

    "build-module-all-min" :
    {
      "run" : [
        "build-core-min",
        "build-module-animation-min",
        "build-module-blocker-min",
        "build-module-cookie-min",
        "build-module-dataset-min",
        "build-module-dev-min",
        "build-module-io-min",
        "build-module-matchmedia-min",
        "build-module-messaging-min",
        "build-module-placeholder-min",
        "build-module-placement-min",
        "build-module-rest-min",
        "build-module-storage-min",
        "build-module-template-min",
        "build-module-textselection-min",
        "build-module-transform-min",
        "build-module-util-min",
        "build-module-ui-min"
      ]
    },

    "build-module-animation" :
    {
      "extend" : ["build-module"],
      "lint-check" : {
        "allowed-globals" : [ "qx.core", "qx.lang", "qx.bom", "qx.event" ]
      },
      "let" : {
        "Q_INCLUDES": ["qx.module.Animation"],
        "MODULE_FILENAME" : "animation"
      }
    },

    "build-module-animation-min" :
    {
      "extend" : ["build-module-min"],
      "lint-check" : {
        "allowed-globals" : [ "qx.core", "qx.lang", "qx.bom", "qx.event" ]
      },
      "let" : {
        "Q_INCLUDES": ["qx.module.Animation"],
        "MODULE_FILENAME" : "animation"
      }
    },

    "build-module-blocker" :
    {
      "extend" : ["build-module"],
      "let" : {
        "Q_INCLUDES": ["qx.module.Blocker"],
        "MODULE_FILENAME" : "blocker"
      }
    },

    "build-module-blocker-min" :
    {
      "extend" : ["build-module-min"],
      "let" : {
        "Q_INCLUDES": ["qx.module.Blocker"],
        "MODULE_FILENAME" : "blocker"
      }
    },

    "build-module-cookie" :
    {
      "extend" : ["build-module"],
      "let" : {
        "Q_INCLUDES": ["qx.module.Cookie"],
        "MODULE_FILENAME" : "cookie"
      }
    },

    "build-module-cookie-min" :
    {
      "extend" : ["build-module-min"],
      "let" : {
        "Q_INCLUDES": ["qx.module.Cookie"],
        "MODULE_FILENAME" : "cookie"
      }
    },

    "build-module-dataset" :
    {
      "extend" : ["build-module"],
      "lint-check" : {
        "allowed-globals" : [ "qx.lang", "qx.bom" ]
      },
      "let" : {
        "Q_INCLUDES": ["qx.module.Dataset"],
        "MODULE_FILENAME" : "dataset"
      }
    },

    "build-module-dataset-min" :
    {
      "extend" : ["build-module-min"],
      "lint-check" : {
        "allowed-globals" : [ "qx.lang", "qx.bom" ]
      },
      "let" : {
        "Q_INCLUDES": ["qx.module.Dataset"],
        "MODULE_FILENAME" : "dataset"
      }
    },

    "build-module-dev" :
    {
      "extend" : ["build-module"],
      "lint-check" : {
        "allowed-globals" : [ "qx.lang" ]
      },
      "let" : {
        "Q_INCLUDES": ["qx.module.dev.FakeServer"],
        "MODULE_FILENAME" : "dev"
      }
    },

    "build-module-dev-min" :
    {
      "extend" : ["build-module-min"],
      "lint-check" : {
        "allowed-globals" : [ "qx.lang" ]
      },
      "let" : {
        "Q_INCLUDES": ["qx.module.dev.FakeServer"],
        "MODULE_FILENAME" : "dev"
      }
    },

    "build-module-io" :
    {
      "extend" : ["build-module"],
      "lint-check" : {
        "allowed-globals" : [ "qx", "qx.core", "qx.bom", "qx.event", "qx.util" ]
      },
      "let" : {
        "Q_INCLUDES": ["qx.module.Io"],
        "MODULE_FILENAME" : "io"
      }
    },

    "build-module-io-min" :
    {
      "extend" : ["build-module-min"],
      "lint-check" : {
        "allowed-globals" : [ "qx", "qx.core", "qx.bom", "qx.event", "qx.util" ]
      },
      "let" : {
        "Q_INCLUDES": ["qx.module.Io"],
        "MODULE_FILENAME" : "io"
      }
    },

    "build-module-matchmedia" :
    {
      "extend" : ["build-module"],
      "lint-check" : {
        "allowed-globals" : [ "qx", "qx.core" ]
      },
      "let" : {
        "Q_INCLUDES": ["qx.module.MatchMedia"],
        "MODULE_FILENAME" : "matchmedia"
      }
    },

    "build-module-matchmedia-min" :
    {
      "extend" : ["build-module-min"],
      "lint-check" : {
        "allowed-globals" : [ "qx", "qx.core" ]
      },
      "let" : {
        "Q_INCLUDES": ["qx.module.MatchMedia"],
        "MODULE_FILENAME" : "matchmedia"
      }
    },

    "build-module-messaging" :
    {
      "extend" : ["build-module"],
      "lint-check" : {
        "allowed-globals" : [ "qx.lang" ]
      },
      "let" : {
        "Q_INCLUDES": ["qx.module.Messaging"],
        "MODULE_FILENAME" : "messaging"
      }
    },

    "build-module-messaging-min" :
    {
      "extend" : ["build-module-min"],
      "lint-check" : {
        "allowed-globals" : [ "qx.lang" ]
      },
      "let" : {
        "Q_INCLUDES": ["qx.module.Messaging"],
        "MODULE_FILENAME" : "messaging"
      }
    },

    "build-module-placeholder" :
    {
      "extend" : ["build-module"],
      "let" : {
        "Q_INCLUDES": ["qx.module.Placeholder"],
        "MODULE_FILENAME" : "placeholder"
      }
    },

    "build-module-placeholder-min" :
    {
      "extend" : ["build-module-min"],
      "let" : {
        "Q_INCLUDES": ["qx.module.Placeholder"],
        "MODULE_FILENAME" : "placeholder"
      }
    },

    "build-module-placement" :
    {
      "extend" : ["build-module"],
      "let" : {
        "Q_INCLUDES": ["qx.module.Placement"],
        "MODULE_FILENAME" : "placement"
      }
    },

    "build-module-placement-min" :
    {
      "extend" : ["build-module-min"],
      "let" : {
        "Q_INCLUDES": ["qx.module.Placement"],
        "MODULE_FILENAME" : "placement"
      }
    },

    "build-module-rest" :
    {
      "extend" : ["build-module"],
      "lint-check" : {
        "allowed-globals" : []
      },
      "let" : {
        "Q_INCLUDES": ["qx.module.Rest"],
        "MODULE_FILENAME" : "rest"
      }
    },

    "build-module-rest-min" :
    {
      "extend" : ["build-module-min"],
      "lint-check" : {
        "allowed-globals" : []
      },
      "let" : {
        "Q_INCLUDES": ["qx.module.Rest"],
        "MODULE_FILENAME" : "rest"
      }
    },

    "build-module-storage" :
    {
      "extend" : ["build-module"],
      "lint-check" : {
        "allowed-globals" : [ "qx.core", "qx.lang" ]
      },
      "let" : {
        "Q_INCLUDES": ["qx.module.Storage"],
        "MODULE_FILENAME" : "storage"
      }
    },

    "build-module-storage-min" :
    {
      "extend" : ["build-module-min"],
      "lint-check" : {
        "allowed-globals" : [ "qx.core", "qx.lang" ]
      },
      "let" : {
        "Q_INCLUDES": ["qx.module.Storage"],
        "MODULE_FILENAME" : "storage"
      }
    },

    "build-module-template" :
    {
      "extend" : ["build-module"],
      "lint-check" : {
        "allowed-globals" : [ "qx.dom.Element" ]
      },
      "let" : {
        "Q_INCLUDES": ["qx.module.Template"],
        "MODULE_FILENAME" : "template"
      }
    },

    "build-module-template-min" :
    {
      "extend" : ["build-module-min"],
      "lint-check" : {
        "allowed-globals" : [ "qx.dom.Element" ]
      },
      "let" : {
        "Q_INCLUDES": ["qx.module.Template"],
        "MODULE_FILENAME" : "template"
      }
    },

    "build-module-textselection" :
    {
      "extend" : ["build-module"],
      "let" : {
        "Q_INCLUDES": ["qx.module.TextSelection"],
        "MODULE_FILENAME" : "textselection"
      }
    },

    "build-module-textselection-min" :
    {
      "extend" : ["build-module-min"],
      "let" : {
        "Q_INCLUDES": ["qx.module.TextSelection"],
        "MODULE_FILENAME" : "textselection"
      }
    },

    "build-module-transform" :
    {
      "extend" : ["build-module"],
      "lint-check" : {
        "allowed-globals" : [ "qx.bom", "qx.core" ]
      },
      "let" : {
        "Q_INCLUDES": ["qx.module.Transform"],
        "MODULE_FILENAME" : "transform"
      }
    },

    "build-module-transform-min" :
    {
      "extend" : ["build-module-min"],
      "lint-check" : {
        "allowed-globals" : [ "qx.bom", "qx.core" ]
      },
      "let" : {
        "Q_INCLUDES": ["qx.module.Transform"],
        "MODULE_FILENAME" : "transform"
      }
    },

    "build-module-util" :
    {
      "extend" : ["build-module"],
      "lint-check" : {
        "allowed-globals" : [ "qx.lang.String", "qx.lang.Array" ]
      },
      "let" : {
        "Q_INCLUDES" : [
          "qx.module.util.Array",
          "qx.module.util.String",
          "qx.module.util.Type",
          "qx.module.util.Object",
          "qx.module.util.Function"
        ],
        "MODULE_FILENAME" : "util"
      }
    },

    "build-module-util-min" :
    {
      "extend" : ["build-module-min"],
      "lint-check" : {
        "allowed-globals" : [ "qx.lang.String", "qx.lang.Array" ]
      },
      "let" : {
        "Q_INCLUDES" : [
          "qx.module.util.Array",
          "qx.module.util.String",
          "qx.module.util.Type",
          "qx.module.util.Object",
          "qx.module.util.Function"
        ],
        "MODULE_FILENAME" : "util"
      }
    },


    "build-module-ui" :
    {
      "extend" : ["build-module"],
      "let" : {
        "Q_INCLUDES" : [
          "qx.ui.website.*",
        ],
        "MODULE_FILENAME" : "ui"
      }
    },

    "build-module-ui-min" :
    {
      "extend" : ["build-module-min"],
      "let" : {
        "Q_INCLUDES" : [
          "qx.ui.website.*",
        ],
        "MODULE_FILENAME" : "ui"
      }
    },

  }
}
