{
  // APIVIEWER IMAGE COMBINING
  "jobs" :
  {

    "image-combine" :
    {
      "desc"   : "Combine Apiviewer images",

      "let" :
      {
        "RESPATH" : "./source/resource"
      },

      "cache" :
      {
        "compile" : "${TMPDIR}/cache"
      },

      "combine-images" :
      {
        "images" :
        {
          // 18x18 symbols combined
          "${RESPATH}/apiviewer/imagesCombined/symbols.gif":
          {
            "prefix" : [ "${RESPATH}" ],
            "input"  :
            [
              {
                "prefix" : [ "${RESPATH}" ],
                "files"  :
                [
                  //"${RESPATH}/image/\u002a18.gif"  // not working!?
                  "${RESPATH}/apiviewer/image/*18.gif"
                ]
              }
            ],
            "layout" : "vertical"
          }          
        }
      }
    }
  }
}
