{
  "info" : 
  {
    "name" : "${Name}",

    "summary" : "Custom Mobile Application",
    "description" : "This is a skeleton for a custom mobile application with qooxdoo.",
    
    "homepage" : "http://some.homepage.url/",

    "license" : "SomeLicense",
    "authors" : 
    [
      {
        "name" : "First Author (uid)",
        "email" : "first.author@some.domain"
      }
    ],

    "version" : "trunk",
    "qooxdoo-versions": ["${QOOXDOO_VERSION}"]
  },
  
  "provides" : 
  {
    "namespace"   : "${Namespace}",
    "encoding"    : "utf-8",
    "class"       : "source/class",
    "resource"    : "source/resource",
    "translation" : "source/translation",
    "type"        : "application"
  }
}

