{"attributes": {"isStatic": true, "name": "Flash", "isInternal": true, "packageName": "qx.bom.client", "access": "internal", "fullName": "qx.bom.client.Flash", "type": "bootstrap"}, "type": "class", "children": [{"attributes": {"text": "<p>This class contains all Flash detection.</p>\n\n<p>It is used by {@link qx.core.Environment} and should not be used\ndirectly. Please check its class comment for details how to use it.</p>"}, "type": "desc"}, {"attributes": {}, "type": "methods-static", "children": [{"attributes": {"access": "private", "line": 199, "isStatic": true, "name": "__supportsVersion"}, "type": "method", "children": [{"attributes": {}, "type": "params", "children": [{"attributes": {"name": "input"}, "type": "param", "children": [{"attributes": {"text": "<p>The version to check.</p>"}, "type": "desc"}, {"attributes": {}, "type": "types", "children": [{"attributes": {"type": "String"}, "type": "entry"}]}]}, {"attributes": {"name": "availableVersion"}, "type": "param", "children": [{"attributes": {"text": "<p>The version available on the current system.</p>"}, "type": "desc"}, {"attributes": {}, "type": "types", "children": [{"attributes": {"type": "String"}, "type": "entry"}]}]}]}, {"attributes": {"text": "<p>Check if the first given version is supported by either the current\nversion available on the system or the optional given second parameter.</p>"}, "type": "desc"}, {"attributes": {}, "type": "return", "children": [{"attributes": {"text": "<code>true</code>, if the version is supported."}, "type": "desc"}, {"attributes": {}, "type": "types", "children": [{"attributes": {"type": "Boolean"}, "type": "entry"}]}]}]}, {"attributes": {"access": "internal", "isInternal": true, "line": 149, "isStatic": true, "name": "getExpressInstall"}, "type": "method", "children": [{"attributes": {"text": "<p>Checks if the flash installation is an expres installation.</p>"}, "type": "desc"}, {"attributes": {}, "type": "return", "children": [{"attributes": {"text": "<code>true</code>, if its an express installation."}, "type": "desc"}, {"attributes": {}, "type": "types", "children": [{"attributes": {"type": "Boolean"}, "type": "entry"}]}]}]}, {"attributes": {"access": "internal", "isInternal": true, "line": 167, "isStatic": true, "name": "getStrictSecurityModel"}, "type": "method", "children": [{"attributes": {"text": "<p>Checks if a strict security model is available.</p>"}, "type": "desc"}, {"attributes": {}, "type": "return", "children": [{"attributes": {"text": "<code>true</code>, if its available."}, "type": "desc"}, {"attributes": {}, "type": "types", "children": [{"attributes": {"type": "Boolean"}, "type": "entry"}]}]}]}, {"attributes": {"access": "internal", "isInternal": true, "line": 76, "isStatic": true, "name": "getVersion"}, "type": "method", "children": [{"attributes": {"text": "<p>Checks for the version of flash and returns it as a string. If the\nversion could not be detected, an empty string will be returned.</p>"}, "type": "desc"}, {"attributes": {}, "type": "return", "children": [{"attributes": {"text": "<p>The version number as string.</p>"}, "type": "desc"}, {"attributes": {}, "type": "types", "children": [{"attributes": {"type": "String"}, "type": "entry"}]}]}]}, {"attributes": {"access": "internal", "isInternal": true, "line": 64, "isStatic": true, "name": "isAvailable"}, "type": "method", "children": [{"attributes": {"text": "<p>Checks if the flash plugin is available.</p>"}, "type": "desc"}, {"attributes": {}, "type": "return", "children": [{"attributes": {"text": "<code>true</code>, if flash is available."}, "type": "desc"}, {"attributes": {}, "type": "types", "children": [{"attributes": {"type": "Boolean"}, "type": "entry"}]}]}]}]}, {"attributes": {}, "type": "constants", "children": [{"attributes": {"access": "internal", "isInternal": true, "name": "_cachedSupportsVersion"}, "type": "constant", "children": [{"attributes": {"text": "<p>Storage for supported Flash versions.</p>"}, "type": "desc"}]}]}]}