{"attributes": {"isStatic": true, "name": "Runtime", "isInternal": true, "packageName": "qx.bom.client", "access": "internal", "fullName": "qx.bom.client.Runtime", "type": "bootstrap"}, "type": "class", "children": [{"attributes": {"text": "<p>Basic runtime detection for qooxdoo.</p>\n\n<p>This class is used by {@link qx.core.Environment} and should not be used\ndirectly. Please check its class comment for details how to use it.</p>"}, "type": "desc"}, {"attributes": {}, "type": "methods-static", "children": [{"attributes": {"access": "internal", "isInternal": true, "line": 44, "isStatic": true, "name": "getName"}, "type": "method", "children": [{"attributes": {"text": "<p>Checks for the name of the runtime and returns it. In general, it checks\nfor rhino and node.js and if that could not be detected, it falls back\nto the browser name defined by {@link qx.bom.client.Browser#getName}.</p>"}, "type": "desc"}, {"attributes": {}, "type": "return", "children": [{"attributes": {"text": "<p>The name of the current runtime.</p>"}, "type": "desc"}, {"attributes": {}, "type": "types", "children": [{"attributes": {"type": "String"}, "type": "entry"}]}]}]}]}]}