{"attributes": {"fullName": "qx.bom.Style", "packageName": "qx.bom", "isStatic": true, "type": "bootstrap", "name": "Style"}, "type": "class", "children": [{"attributes": {"text": "<p>Responsible class for everything concerning styles without the need of\nan element.</p>\n\n<p>If you want to query or modify styles of <span class=\"caps\">HTML</span> elements,\ntake a look at {@link qx.bom.element.Style}.</p>"}, "type": "desc"}, {"attributes": {}, "type": "methods-static", "children": [{"attributes": {"access": "internal", "isInternal": true, "line": 125, "isStatic": true, "name": "getAppliedStyle"}, "type": "method", "children": [{"attributes": {}, "type": "params", "children": [{"attributes": {"name": "element"}, "type": "param", "children": [{"attributes": {"text": "<p>element to be used for the detection</p>"}, "type": "desc"}, {"attributes": {}, "type": "types", "children": [{"attributes": {"type": "Element"}, "type": "entry"}]}]}, {"attributes": {"name": "propertyName"}, "type": "param", "children": [{"attributes": {"text": "<p>the style property to be tested</p>"}, "type": "desc"}, {"attributes": {}, "type": "types", "children": [{"attributes": {"type": "String"}, "type": "entry"}]}]}, {"attributes": {"name": "value"}, "type": "param", "children": [{"attributes": {"text": "<p>style property value to be tested</p>"}, "type": "desc"}, {"attributes": {}, "type": "types", "children": [{"attributes": {"type": "String"}, "type": "entry"}]}]}, {"attributes": {"optional": true, "name": "prefixed"}, "type": "param", "children": [{"attributes": {"text": "<p>try to determine the appropriate vendor prefix for the value. Default: <code>true</code></p>"}, "type": "desc"}, {"attributes": {}, "type": "types", "children": [{"attributes": {"type": "Boolean"}, "type": "entry"}]}]}]}, {"attributes": {"text": "<p>Detects <span class=\"caps\">CSS</span> support by using the native <span class=\"caps\">CSS</span>.supports function or by\napplying a style to a <span class=\"caps\">DOM</span> element of the given type and verifying\nthe result. Also checks for vendor-prefixed variants of the\nvalue, e.g. &#8220;linear-gradient&#8221; -> &#8221;-webkit-linear-gradient&#8221;. Returns the\n(possibly vendor-prefixed) value if successful or <code>null</code> if\nthe property and/or value are not supported.</p>"}, "type": "desc"}, {"attributes": {}, "type": "return", "children": [{"attributes": {"text": "<p>prefixed style value or <code>null</code> if not supported</p>"}, "type": "desc"}, {"attributes": {}, "type": "types", "children": [{"attributes": {"type": "String"}, "type": "entry"}, {"attributes": {"type": "null"}, "type": "entry"}]}]}]}, {"attributes": {"line": 87, "isStatic": true, "name": "getCssName"}, "type": "method", "children": [{"attributes": {}, "type": "params", "children": [{"attributes": {"name": "propertyName"}, "type": "param", "children": [{"attributes": {"text": "<p>JavaScript style property</p>"}, "type": "desc"}, {"attributes": {}, "type": "types", "children": [{"attributes": {"type": "String"}, "type": "entry"}]}]}]}, {"attributes": {"text": "<p>Takes the name of a JavaScript style property and returns the\ncorresponding <span class=\"caps\">CSS</span> name.</p>\n\n<p>The name of the style property is taken as is, i.e. it gets not\nextended by vendor prefixes. The conversion into the <span class=\"caps\">CSS</span> name is\ndone by string manipulation, not involving the <span class=\"caps\">DOM</span>.</p>\n\n<p>Example:</p>\n\n<pre class=\"javascript\">qx.bom.Style.getCssName(\"MozTransform\"); //returns \"-moz-transform\"</pre>"}, "type": "desc"}, {"attributes": {}, "type": "return", "children": [{"attributes": {"text": "<p><span class=\"caps\">CSS</span> property</p>"}, "type": "desc"}, {"attributes": {}, "type": "types", "children": [{"attributes": {"type": "String"}, "type": "entry"}]}]}]}, {"attributes": {"line": 53, "isStatic": true, "name": "getPropertyName"}, "type": "method", "children": [{"attributes": {}, "type": "params", "children": [{"attributes": {"name": "propertyName"}, "type": "param", "children": [{"attributes": {"text": "<p>Style property name to check</p>"}, "type": "desc"}, {"attributes": {}, "type": "types", "children": [{"attributes": {"type": "String"}, "type": "entry"}]}]}]}, {"attributes": {"text": "<p>Takes the name of a style property and returns the name the browser uses\nfor its implementation, which might include a vendor prefix.</p>"}, "type": "desc"}, {"attributes": {}, "type": "return", "children": [{"attributes": {"text": "<p>The supported property name or <code>null</code> if not supported</p>"}, "type": "desc"}, {"attributes": {}, "type": "types", "children": [{"attributes": {"type": "String"}, "type": "entry"}, {"attributes": {"type": "null"}, "type": "entry"}]}]}]}]}, {"attributes": {}, "type": "constants", "children": [{"attributes": {"access": "internal", "isInternal": true, "type": "Null", "name": "__supports", "value": "null"}, "type": "constant", "children": [{"attributes": {"text": "<p>A reference to the native <span class=\"caps\">CSS</span>.supports function (supportsCSS in Opera)</p>"}, "type": "desc"}]}, {"attributes": {"type": "Array", "name": "VENDOR_PREFIXES", "value": "[\"Webkit\",\"Moz\",\"O\",\"ms\",\"Khtml\"]"}, "type": "constant", "children": [{"attributes": {"text": "<p>Vendor-specific style property prefixes</p>"}, "type": "desc"}]}, {"attributes": {"access": "internal", "isInternal": true, "name": "__cssName"}, "type": "constant", "children": [{"attributes": {"text": "<p>Internal lookup table to map property names to <span class=\"caps\">CSS</span> names</p>"}, "type": "desc"}]}]}]}