{"attributes": {"isStatic": true, "name": "Event", "isInternal": true, "packageName": "qx.bom.client", "access": "internal", "fullName": "qx.bom.client.Event", "type": "bootstrap"}, "type": "class", "children": [{"attributes": {"text": "<p>Internal class which contains the checks used by {@link qx.core.Environment}.\nAll checks in here are marked as internal which means you should never use\nthem directly.</p>\n\n<p>This class should contain all checks about events.</p>"}, "type": "desc"}, {"attributes": {}, "type": "methods-static", "children": [{"attributes": {"access": "internal", "isInternal": true, "line": 80, "isStatic": true, "name": "getHashChange"}, "type": "method", "children": [{"attributes": {"text": "<p>Checks if the <code>hashchange</code> event is available</p>"}, "type": "desc"}, {"attributes": {}, "type": "return", "children": [{"attributes": {"text": "<code>true</code> if the \"hashchange\" event is supported."}, "type": "desc"}, {"attributes": {}, "type": "types", "children": [{"attributes": {"type": "Boolean"}, "type": "entry"}]}]}]}, {"attributes": {"access": "internal", "isInternal": true, "line": 68, "isStatic": true, "name": "getHelp"}, "type": "method", "children": [{"attributes": {"text": "<p>Checks if the proprietary <code>help</code> event is available.</p>"}, "type": "desc"}, {"attributes": {}, "type": "return", "children": [{"attributes": {"text": "<code>true</code> if the \"help\" event is supported."}, "type": "desc"}, {"attributes": {}, "type": "types", "children": [{"attributes": {"type": "Boolean"}, "type": "entry"}]}]}]}, {"attributes": {"access": "internal", "isInternal": true, "line": 50, "isStatic": true, "name": "getMsPointer"}, "type": "method", "children": [{"attributes": {"text": "<p>Checks if MSPointer events are available.</p>"}, "type": "desc"}, {"attributes": {}, "type": "return", "children": [{"attributes": {"text": "<code>true</code> if pointer events are supported."}, "type": "desc"}, {"attributes": {}, "type": "types", "children": [{"attributes": {"type": "Boolean"}, "type": "entry"}]}]}]}, {"attributes": {"access": "internal", "isInternal": true, "line": 39, "isStatic": true, "name": "getTouch"}, "type": "method", "children": [{"attributes": {"text": "<p>Checks if touch events are supported.</p>"}, "type": "desc"}, {"attributes": {}, "type": "return", "children": [{"attributes": {"text": "<code>true</code> if touch events are supported."}, "type": "desc"}, {"attributes": {}, "type": "types", "children": [{"attributes": {"type": "Boolean"}, "type": "entry"}]}]}]}]}]}