{"attributes": {"fullName": "qx.bom.MediaQueryListener", "packageName": "qx.bom", "type": "bootstrap", "name": "MediaQueryListener", "superClass": "qx.bom.MediaQuery"}, "type": "class", "children": [{"attributes": {"text": "<p>This class is to test css media queries. It implements a polyfill for\nwindow.matchMedia if not supported natively.</p>"}, "type": "desc"}, {"attributes": {}, "type": "deprecated", "children": [{"attributes": {"text": ""}, "type": "desc"}]}, {"attributes": {}, "type": "constructor", "children": [{"attributes": {"line": 35, "isCtor": true, "overriddenFrom": "qx.bom.MediaQuery", "name": "ctor"}, "type": "method", "children": [{"attributes": {}, "type": "params", "children": [{"attributes": {"name": "query"}, "type": "param", "children": [{"attributes": {"text": "<p>the media query to evaluate</p>"}, "type": "desc"}, {"attributes": {}, "type": "types", "children": [{"attributes": {"type": "String"}, "type": "entry"}]}]}, {"attributes": {"defaultValue": "window", "optional": true, "name": "ctxWindow"}, "type": "param", "children": [{"attributes": {"text": "<p>the window object which should be operated on</p>"}, "type": "desc"}, {"attributes": {}, "type": "types", "children": [{"attributes": {"type": "Object"}, "type": "entry"}]}]}]}, {"attributes": {}, "type": "deprecated", "children": [{"attributes": {"text": ""}, "type": "desc"}]}, {"attributes": {"text": ""}, "type": "desc"}]}]}]}