{"attributes": {"isStatic": true, "name": "PhoneGap", "isInternal": true, "packageName": "qx.bom.client", "access": "internal", "fullName": "qx.bom.client.PhoneGap", "type": "bootstrap"}, "type": "class", "children": [{"attributes": {"text": "<p>The purpose of this class is to contain all checks for PhoneGap/Cordova.</p>\n\n<p>This class is used by {@link qx.core.Environment} and should not be used\ndirectly. Please check its class comment for details how to use it.</p>"}, "type": "desc"}, {"attributes": {}, "type": "methods-static", "children": [{"attributes": {"access": "internal", "isInternal": true, "line": 47, "isStatic": true, "name": "getNotification"}, "type": "method", "children": [{"attributes": {"text": "<p>Checks if notifications can be displayed.</p>"}, "type": "desc"}, {"attributes": {}, "type": "return", "children": [{"attributes": {"text": "<code>true</code>, if it could be used."}, "type": "desc"}, {"attributes": {}, "type": "types", "children": [{"attributes": {"type": "Boolean"}, "type": "entry"}]}]}]}, {"attributes": {"access": "internal", "isInternal": true, "line": 37, "isStatic": true, "name": "getPhoneGap"}, "type": "method", "children": [{"attributes": {"text": "<p>Checks if PhoneGap/Cordova is available.</p>"}, "type": "desc"}, {"attributes": {}, "type": "return", "children": [{"attributes": {"text": "<code>true</code>, if it could be used."}, "type": "desc"}, {"attributes": {}, "type": "types", "children": [{"attributes": {"type": "Boolean"}, "type": "entry"}]}]}]}]}]}