{"attributes": {"isStatic": true, "name": "CssAnimation", "isInternal": true, "packageName": "qx.bom.client", "access": "internal", "fullName": "qx.bom.client.CssAnimation", "type": "bootstrap"}, "type": "class", "children": [{"attributes": {"text": "<p>Responsible for checking all relevant animation properties.</p>\n\n<p>Spec: <a href=\"http://www.w3.org/TR/css3-animations/\">http://www.w3.org/TR/css3-animations/</a></p>"}, "type": "desc"}, {"attributes": {}, "type": "methods-static", "children": [{"attributes": {"access": "internal", "isInternal": true, "line": 141, "isStatic": true, "name": "getAnimationEnd"}, "type": "method", "children": [{"attributes": {"text": "<p>Checks for the event name of animation end.</p>"}, "type": "desc"}, {"attributes": {}, "type": "return", "children": [{"attributes": {"text": "<p>The name of the event.</p>"}, "type": "desc"}, {"attributes": {}, "type": "types", "children": [{"attributes": {"type": "String"}, "type": "entry"}]}]}]}, {"attributes": {"access": "internal", "isInternal": true, "line": 123, "isStatic": true, "name": "getAnimationIteration"}, "type": "method", "children": [{"attributes": {"text": "<p>Checks for the event name of animation end.</p>"}, "type": "desc"}, {"attributes": {}, "type": "return", "children": [{"attributes": {"text": "<p>The name of the event.</p>"}, "type": "desc"}, {"attributes": {}, "type": "types", "children": [{"attributes": {"type": "String"}, "type": "entry"}]}]}]}, {"attributes": {"access": "internal", "isInternal": true, "line": 105, "isStatic": true, "name": "getAnimationStart"}, "type": "method", "children": [{"attributes": {"text": "<p>Checks for the event name of animation start.</p>"}, "type": "desc"}, {"attributes": {}, "type": "return", "children": [{"attributes": {"text": "<p>The name of the event.</p>"}, "type": "desc"}, {"attributes": {}, "type": "types", "children": [{"attributes": {"type": "String"}, "type": "entry"}]}]}]}, {"attributes": {"access": "internal", "isInternal": true, "line": 72, "isStatic": true, "name": "getFillMode"}, "type": "method", "children": [{"attributes": {"text": "<p>Checks for the &#8216;animation-fill-mode&#8217; <span class=\"caps\">CSS</span> style.</p>"}, "type": "desc"}, {"attributes": {}, "type": "return", "children": [{"attributes": {"text": "<p>The name of the style or null, if the style is not supported.</p>"}, "type": "desc"}, {"attributes": {}, "type": "types", "children": [{"attributes": {"type": "String"}, "type": "entry"}, {"attributes": {"type": "null"}, "type": "entry"}]}]}]}, {"attributes": {"access": "internal", "isInternal": true, "line": 160, "isStatic": true, "name": "getKeyFrames"}, "type": "method", "children": [{"attributes": {"text": "<p>Checks what selector should be used to add keyframes to stylesheets.</p>"}, "type": "desc"}, {"attributes": {}, "type": "return", "children": [{"attributes": {"text": "<p>The name of the selector or null, if the selector is not supported.</p>"}, "type": "desc"}, {"attributes": {}, "type": "types", "children": [{"attributes": {"type": "String"}, "type": "entry"}, {"attributes": {"type": "null"}, "type": "entry"}]}]}]}, {"attributes": {"access": "internal", "isInternal": true, "line": 95, "isStatic": true, "name": "getName"}, "type": "method", "children": [{"attributes": {"text": "<p>Checks for the style name used for animations.</p>"}, "type": "desc"}, {"attributes": {}, "type": "return", "children": [{"attributes": {"text": "<p>The name of the style or null, if the style is not supported.</p>"}, "type": "desc"}, {"attributes": {}, "type": "types", "children": [{"attributes": {"type": "String"}, "type": "entry"}, {"attributes": {"type": "null"}, "type": "entry"}]}]}]}, {"attributes": {"access": "internal", "isInternal": true, "line": 84, "isStatic": true, "name": "getPlayState"}, "type": "method", "children": [{"attributes": {"text": "<p>Checks for the &#8216;animation-play-state&#8217; <span class=\"caps\">CSS</span> style.</p>"}, "type": "desc"}, {"attributes": {}, "type": "return", "children": [{"attributes": {"text": "<p>The name of the style or null, if the style is not supported.</p>"}, "type": "desc"}, {"attributes": {}, "type": "types", "children": [{"attributes": {"type": "String"}, "type": "entry"}, {"attributes": {"type": "null"}, "type": "entry"}]}]}]}, {"attributes": {"access": "internal", "isInternal": true, "line": 187, "isStatic": true, "name": "getRequestAnimationFrame"}, "type": "method", "children": [{"attributes": {"text": "<p>Checks for the requestAnimationFrame method and return the prefixed name.</p>"}, "type": "desc"}, {"attributes": {}, "type": "return", "children": [{"attributes": {"text": "<p>A string the method name or null, if the method is not supported.</p>"}, "type": "desc"}, {"attributes": {}, "type": "types", "children": [{"attributes": {"type": "String"}, "type": "entry"}, {"attributes": {"type": "null"}, "type": "entry"}]}]}]}, {"attributes": {"access": "internal", "isInternal": true, "line": 49, "isStatic": true, "name": "getSupport"}, "type": "method", "children": [{"attributes": {"text": "<p>Main check method which returns an object if <span class=\"caps\">CSS</span> animations are\nsupported. This object contains all necessary keys to work with <span class=\"caps\">CSS</span>\nanimations.\n<ul>\n <li><code>name</code> The name of the css animation style</li>\n <li><code>play-state</code> The name of the play-state style</li>\n <li><code>start-event</code> The name of the start event</li>\n <li><code>iternation-event</code> The name of the iternation event</li>\n <li><code>end-event</code> The name of the end event</li>\n <li><code>fill-mode</code> The fill-mode style</li>\n <li><code>keyframes</code> The name of the keyframes selector.</li>\n</ul></p>"}, "type": "desc"}, {"attributes": {}, "type": "return", "children": [{"attributes": {"text": "<p>The described object or null, if animations are not supported.</p>"}, "type": "desc"}, {"attributes": {}, "type": "types", "children": [{"attributes": {"type": "Object"}, "type": "entry"}, {"attributes": {"type": "null"}, "type": "entry"}]}]}]}]}]}