{"attributes": {"isStatic": true, "name": "Plugin", "isInternal": true, "packageName": "qx.bom.client", "access": "internal", "fullName": "qx.bom.client.Plugin", "type": "bootstrap"}, "type": "class", "children": [{"attributes": {"text": "<p>Contains detection for QuickTime, Windows Media, DivX, Silverlight adn gears.\nIf no version could be detected the version is set to an empty string as\ndefault.</p>\n\n<p>This class is used by {@link qx.core.Environment} and should not be used\ndirectly. Please check its class comment for details how to use it.</p>"}, "type": "desc"}, {"attributes": {}, "type": "constants", "children": [{"attributes": {"access": "private", "name": "__db"}, "type": "constant", "children": [{"attributes": {"text": "<p>Database of supported features.\nFilled with additional data at initialization</p>"}, "type": "desc"}]}]}, {"attributes": {}, "type": "methods-static", "children": [{"attributes": {"access": "private", "line": 268, "isStatic": true, "name": "__getVersion"}, "type": "method", "children": [{"attributes": {}, "type": "params", "children": [{"attributes": {"name": "activeXName"}, "type": "param", "children": [{"attributes": {"text": "<p>The name which should be used to generate the test ActiveX Object.</p>"}, "type": "desc"}, {"attributes": {}, "type": "types", "children": [{"attributes": {"type": "String"}, "type": "entry"}]}]}, {"attributes": {"name": "pluginNames"}, "type": "param", "children": [{"attributes": {"text": "<p>The names with which the plugins are listed in the navigator.plugins list.</p>"}, "type": "desc"}, {"attributes": {}, "type": "types", "children": [{"attributes": {"type": "Array"}, "type": "entry"}]}]}]}, {"attributes": {"text": "<p>Internal helper for getting the version of a given plugin.</p>"}, "type": "desc"}, {"attributes": {}, "type": "return", "children": [{"attributes": {"text": "<p>The version of the plugin as string.</p>"}, "type": "desc"}, {"attributes": {}, "type": "types", "children": [{"attributes": {"type": "String"}, "type": "entry"}]}]}]}, {"attributes": {"access": "private", "line": 336, "isStatic": true, "name": "__isAvailable"}, "type": "method", "children": [{"attributes": {}, "type": "params", "children": [{"attributes": {"name": "activeXName"}, "type": "param", "children": [{"attributes": {"text": "<p>The name which should be used to generate the test ActiveX Object.</p>"}, "type": "desc"}, {"attributes": {}, "type": "types", "children": [{"attributes": {"type": "String"}, "type": "entry"}]}]}, {"attributes": {"name": "pluginNames"}, "type": "param", "children": [{"attributes": {"text": "<p>The names with which the plugins are listed in the navigator.plugins list.</p>"}, "type": "desc"}, {"attributes": {}, "type": "types", "children": [{"attributes": {"type": "Array"}, "type": "entry"}]}]}]}, {"attributes": {"text": "<p>Internal helper for getting the availability of a given plugin.</p>"}, "type": "desc"}, {"attributes": {}, "type": "return", "children": [{"attributes": {"text": "<code>true</code>, if the plugin available"}, "type": "desc"}, {"attributes": {}, "type": "types", "children": [{"attributes": {"type": "Boolean"}, "type": "entry"}]}]}]}, {"attributes": {"access": "internal", "isInternal": true, "line": 50, "isStatic": true, "name": "getActiveX"}, "type": "method", "children": [{"attributes": {"text": "<p>Checks for ActiveX availability.</p>"}, "type": "desc"}, {"attributes": {}, "type": "return", "children": [{"attributes": {"text": "<code>true</code> if ActiveX is available"}, "type": "desc"}, {"attributes": {}, "type": "types", "children": [{"attributes": {"type": "Boolean"}, "type": "entry"}]}]}]}, {"attributes": {"access": "internal", "isInternal": true, "line": 231, "isStatic": true, "name": "getDivX"}, "type": "method", "children": [{"attributes": {"text": "<p>Checks if the divx plugin is available.</p>"}, "type": "desc"}, {"attributes": {}, "type": "return", "children": [{"attributes": {"text": "<code>true</code> if the plugin is available"}, "type": "desc"}, {"attributes": {}, "type": "types", "children": [{"attributes": {"type": "Boolean"}, "type": "entry"}]}]}]}, {"attributes": {"access": "internal", "isInternal": true, "line": 174, "isStatic": true, "name": "getDivXVersion"}, "type": "method", "children": [{"attributes": {"text": "<p>Fetches the version of the divx plugin.</p>"}, "type": "desc"}, {"attributes": {}, "type": "return", "children": [{"attributes": {"text": "<p>The version of the plugin, if available, an empty string otherwise</p>"}, "type": "desc"}, {"attributes": {}, "type": "types", "children": [{"attributes": {"type": "String"}, "type": "entry"}]}]}]}, {"attributes": {"access": "internal", "isInternal": true, "line": 39, "isStatic": true, "name": "getGears"}, "type": "method", "children": [{"attributes": {"text": "<p>Checkes for the availability of google gears plugin.</p>"}, "type": "desc"}, {"attributes": {}, "type": "return", "children": [{"attributes": {"text": "<code>true</code> if gears is available"}, "type": "desc"}, {"attributes": {}, "type": "types", "children": [{"attributes": {"type": "Boolean"}, "type": "entry"}]}]}]}, {"attributes": {"access": "internal", "isInternal": true, "line": 253, "isStatic": true, "name": "getPdf"}, "type": "method", "children": [{"attributes": {"text": "<p>Checks if the pdf plugin is available.</p>"}, "type": "desc"}, {"attributes": {}, "type": "return", "children": [{"attributes": {"text": "<code>true</code> if the plugin is available"}, "type": "desc"}, {"attributes": {}, "type": "types", "children": [{"attributes": {"type": "Boolean"}, "type": "entry"}]}]}]}, {"attributes": {"access": "internal", "isInternal": true, "line": 198, "isStatic": true, "name": "getPdfVersion"}, "type": "method", "children": [{"attributes": {"text": "<p>Fetches the version of the pdf plugin.</p>"}, "type": "desc"}, {"attributes": {}, "type": "return", "children": [{"attributes": {"text": "<p>The version of the plugin, if available, an empty string otherwise</p>"}, "type": "desc"}, {"attributes": {}, "type": "types", "children": [{"attributes": {"type": "String"}, "type": "entry"}]}]}]}, {"attributes": {"access": "internal", "isInternal": true, "line": 209, "isStatic": true, "name": "getQuicktime"}, "type": "method", "children": [{"attributes": {"text": "<p>Checks if the quicktime plugin is available.</p>"}, "type": "desc"}, {"attributes": {}, "type": "return", "children": [{"attributes": {"text": "<code>true</code> if the plugin is available"}, "type": "desc"}, {"attributes": {}, "type": "types", "children": [{"attributes": {"type": "Boolean"}, "type": "entry"}]}]}]}, {"attributes": {"access": "internal", "isInternal": true, "line": 150, "isStatic": true, "name": "getQuicktimeVersion"}, "type": "method", "children": [{"attributes": {"text": "<p>Fetches the version of the quicktime plugin.</p>"}, "type": "desc"}, {"attributes": {}, "type": "return", "children": [{"attributes": {"text": "<p>The version of the plugin, if available, an empty string otherwise</p>"}, "type": "desc"}, {"attributes": {}, "type": "types", "children": [{"attributes": {"type": "String"}, "type": "entry"}]}]}]}, {"attributes": {"access": "internal", "isInternal": true, "line": 242, "isStatic": true, "name": "getSilverlight"}, "type": "method", "children": [{"attributes": {"text": "<p>Checks if the silverlight plugin is available.</p>"}, "type": "desc"}, {"attributes": {}, "type": "return", "children": [{"attributes": {"text": "<code>true</code> if the plugin is available"}, "type": "desc"}, {"attributes": {}, "type": "types", "children": [{"attributes": {"type": "Boolean"}, "type": "entry"}]}]}]}, {"attributes": {"access": "internal", "isInternal": true, "line": 186, "isStatic": true, "name": "getSilverlightVersion"}, "type": "method", "children": [{"attributes": {"text": "<p>Fetches the version of the silverlight plugin.</p>"}, "type": "desc"}, {"attributes": {}, "type": "return", "children": [{"attributes": {"text": "<p>The version of the plugin, if available, an empty string otherwise</p>"}, "type": "desc"}, {"attributes": {}, "type": "types", "children": [{"attributes": {"type": "String"}, "type": "entry"}]}]}]}, {"attributes": {"access": "internal", "isInternal": true, "line": 71, "isStatic": true, "name": "getSkype"}, "type": "method", "children": [{"attributes": {"text": "<p>Checks for Skypes &#8216;Click to call&#8217; availability.</p>"}, "type": "desc"}, {"attributes": {}, "type": "return", "children": [{"attributes": {"text": "<code>true</code> if the plugin is available."}, "type": "desc"}, {"attributes": {}, "type": "types", "children": [{"attributes": {"type": "Boolean"}, "type": "entry"}]}]}]}, {"attributes": {"access": "internal", "isInternal": true, "line": 220, "isStatic": true, "name": "getWindowsMedia"}, "type": "method", "children": [{"attributes": {"text": "<p>Checks if the windows media plugin is available.</p>"}, "type": "desc"}, {"attributes": {}, "type": "return", "children": [{"attributes": {"text": "<code>true</code> if the plugin is available"}, "type": "desc"}, {"attributes": {}, "type": "types", "children": [{"attributes": {"type": "Boolean"}, "type": "entry"}]}]}]}, {"attributes": {"access": "internal", "isInternal": true, "line": 162, "isStatic": true, "name": "getWindowsMediaVersion"}, "type": "method", "children": [{"attributes": {"text": "<p>Fetches the version of the windows media plugin.</p>"}, "type": "desc"}, {"attributes": {}, "type": "return", "children": [{"attributes": {"text": "<p>The version of the plugin, if available, an empty string otherwise</p>"}, "type": "desc"}, {"attributes": {}, "type": "types", "children": [{"attributes": {"type": "String"}, "type": "entry"}]}]}]}]}]}