{"attributes": {"fullName": "qx.bom.element.Style", "packageName": "qx.bom.element", "isStatic": true, "type": "bootstrap", "name": "Style"}, "type": "class", "children": [{"attributes": {"text": "<p>Style querying and modification of <span class=\"caps\">HTML</span> elements.</p>\n\n<p>Automatically normalizes cross-browser differences for setting and reading\n<span class=\"caps\">CSS</span> attributes. Optimized for performance.</p>"}, "type": "desc"}, {"attributes": {}, "type": "methods-static", "children": [{"attributes": {"access": "private", "line": 104, "isStatic": true, "name": "__detectVendorProperties"}, "type": "method", "children": [{"attributes": {"text": "<p>Detect vendor specific properties.</p>"}, "type": "desc"}]}, {"attributes": {"access": "private", "line": 139, "isStatic": true, "name": "__getStyleName"}, "type": "method", "children": [{"attributes": {}, "type": "params", "children": [{"attributes": {"name": "name"}, "type": "param", "children": [{"attributes": {"text": "<p>Style property name to check</p>"}, "type": "desc"}, {"attributes": {}, "type": "types", "children": [{"attributes": {"type": "String"}, "type": "entry"}]}]}]}, {"attributes": {"text": "<p>Gets the (possibly vendor-prefixed) name of a style property and stores\nit to avoid multiple checks.</p>"}, "type": "desc"}, {"attributes": {}, "type": "return", "children": [{"attributes": {"text": "<p>The client-specific name of the property, or <code>null</code> if it&#8217;s not supported.</p>"}, "type": "desc"}, {"attributes": {}, "type": "types", "children": [{"attributes": {"type": "String"}, "type": "entry"}, {"attributes": {"type": "null"}, "type": "entry"}]}]}]}, {"attributes": {"line": 192, "isStatic": true, "name": "compile"}, "type": "method", "children": [{"attributes": {}, "type": "params", "children": [{"attributes": {"name": "map"}, "type": "param", "children": [{"attributes": {"text": "<p>Map of style properties to compile</p>"}, "type": "desc"}, {"attributes": {}, "type": "types", "children": [{"attributes": {"type": "Map"}, "type": "entry"}]}]}]}, {"attributes": {"text": "<p>Compiles the given styles into a string which can be used to\nconcat a <span class=\"caps\">HTML</span> string for innerHTML usage.</p>"}, "type": "desc"}, {"attributes": {}, "type": "return", "children": [{"attributes": {"text": "<p>Compiled string of given style properties.</p>"}, "type": "desc"}, {"attributes": {}, "type": "types", "children": [{"attributes": {"type": "String"}, "type": "entry"}]}]}]}, {"attributes": {"line": 447, "isStatic": true, "name": "get"}, "type": "method", "children": [{"attributes": {}, "type": "params", "children": [{"attributes": {"name": "element"}, "type": "param", "children": [{"attributes": {"text": "<p>The <span class=\"caps\">DOM</span> element to modify</p>"}, "type": "desc"}, {"attributes": {}, "type": "types", "children": [{"attributes": {"type": "Element"}, "type": "entry"}]}]}, {"attributes": {"name": "name"}, "type": "param", "children": [{"attributes": {"text": "<p>Name of the style attribute (js variant e.g. marginTop, wordSpacing)</p>"}, "type": "desc"}, {"attributes": {}, "type": "types", "children": [{"attributes": {"type": "String"}, "type": "entry"}]}]}, {"attributes": {"name": "mode"}, "type": "param", "children": [{"attributes": {"text": "<p>Choose one of the modes {@link #COMPUTED_MODE}, {@link #CASCADED_MODE}, {@link #LOCAL_MODE}. The computed mode is the default one.</p>"}, "type": "desc"}, {"attributes": {}, "type": "types", "children": [{"attributes": {"type": "Number"}, "type": "entry"}]}]}, {"attributes": {"defaultValue": "true", "optional": true, "name": "smart"}, "type": "param", "children": [{"attributes": {"text": "<p>Whether the implementation should automatically use special implementations for some properties</p>"}, "type": "desc"}, {"attributes": {}, "type": "types", "children": [{"attributes": {"type": "Boolean"}, "type": "entry"}]}]}]}, {"attributes": {"text": "<p>Gets the value of a style property.</p>\n\n<p><strong>Computed</strong></p>\n\n<p>Returns the computed value of a style property. Compared to the cascaded style,\nthis one also interprets the values e.g. translates <code>em</code> units to\n<code>px</code>.</p>\n\n<p><strong>Cascaded</strong></p>\n\n<p>Returns the cascaded value of a style property.</p>\n\n<p><strong>Local</strong></p>\n\n<p>Ignores inheritance cascade. Does not interpret values.</p>"}, "type": "desc"}, {"attributes": {}, "type": "return", "children": [{"attributes": {"text": "<p>The value of the property</p>"}, "type": "desc"}, {"attributes": {}, "type": "types", "children": [{"attributes": {"type": "var"}, "type": "entry"}]}]}]}, {"attributes": {"line": 256, "isStatic": true, "name": "getCss"}, "type": "method", "children": [{"attributes": {}, "type": "params", "children": [{"attributes": {"name": "element"}, "type": "param", "children": [{"attributes": {"text": "<p>The <span class=\"caps\">DOM</span> element to query</p>"}, "type": "desc"}, {"attributes": {}, "type": "types", "children": [{"attributes": {"type": "Element"}, "type": "entry"}]}]}]}, {"attributes": {"text": "<p>Returns the full content of the style attribute.</p>"}, "type": "desc"}, {"attributes": {}, "type": "return", "children": [{"attributes": {"text": "<p>the full <span class=\"caps\">CSS</span> string</p>"}, "type": "desc"}, {"attributes": {}, "type": "types", "children": [{"attributes": {"type": "String"}, "type": "entry"}]}]}]}, {"attributes": {"line": 284, "isStatic": true, "name": "isPropertySupported"}, "type": "method", "children": [{"attributes": {}, "type": "params", "children": [{"attributes": {"name": "propertyName"}, "type": "param", "children": [{"attributes": {"text": "<p>The name of the property</p>"}, "type": "desc"}, {"attributes": {}, "type": "types", "children": [{"attributes": {"type": "String"}, "type": "entry"}]}]}]}, {"attributes": {"text": "<p>Checks whether the browser supports the given <span class=\"caps\">CSS</span> property.</p>"}, "type": "desc"}, {"attributes": {}, "type": "return", "children": [{"attributes": {"text": "<p>Whether the property id supported</p>"}, "type": "desc"}, {"attributes": {}, "type": "types", "children": [{"attributes": {"type": "Boolean"}, "type": "entry"}]}]}]}, {"attributes": {"line": 407, "isStatic": true, "name": "reset"}, "type": "method", "children": [{"attributes": {}, "type": "params", "children": [{"attributes": {"name": "element"}, "type": "param", "children": [{"attributes": {"text": "<p>The <span class=\"caps\">DOM</span> element to modify</p>"}, "type": "desc"}, {"attributes": {}, "type": "types", "children": [{"attributes": {"type": "Element"}, "type": "entry"}]}]}, {"attributes": {"name": "name"}, "type": "param", "children": [{"attributes": {"text": "<p>Name of the style attribute (js variant e.g. marginTop, wordSpacing)</p>"}, "type": "desc"}, {"attributes": {}, "type": "types", "children": [{"attributes": {"type": "String"}, "type": "entry"}]}]}, {"attributes": {"defaultValue": "true", "optional": true, "name": "smart"}, "type": "param", "children": [{"attributes": {"text": "<p>Whether the implementation should automatically use special implementations for some properties</p>"}, "type": "desc"}, {"attributes": {}, "type": "types", "children": [{"attributes": {"type": "Boolean"}, "type": "entry"}]}]}]}, {"attributes": {"text": "<p>Resets the value of a style property</p>"}, "type": "desc"}]}, {"attributes": {"line": 321, "isStatic": true, "name": "set"}, "type": "method", "children": [{"attributes": {}, "type": "params", "children": [{"attributes": {"name": "element"}, "type": "param", "children": [{"attributes": {"text": "<p>The <span class=\"caps\">DOM</span> element to modify</p>"}, "type": "desc"}, {"attributes": {}, "type": "types", "children": [{"attributes": {"type": "Element"}, "type": "entry"}]}]}, {"attributes": {"name": "name"}, "type": "param", "children": [{"attributes": {"text": "<p>Name of the style attribute (js variant e.g. marginTop, wordSpacing)</p>"}, "type": "desc"}, {"attributes": {}, "type": "types", "children": [{"attributes": {"type": "String"}, "type": "entry"}]}]}, {"attributes": {"name": "value"}, "type": "param", "children": [{"attributes": {"text": "<p>The value for the given style</p>"}, "type": "desc"}, {"attributes": {}, "type": "types", "children": [{"attributes": {"type": "var"}, "type": "entry"}]}]}, {"attributes": {"defaultValue": "true", "optional": true, "name": "smart"}, "type": "param", "children": [{"attributes": {"text": "<p>Whether the implementation should automatically use special implementations for some properties</p>"}, "type": "desc"}, {"attributes": {}, "type": "types", "children": [{"attributes": {"type": "Boolean"}, "type": "entry"}]}]}]}, {"attributes": {"text": "<p>Sets the value of a style property</p>"}, "type": "desc"}]}, {"attributes": {"line": 236, "isStatic": true, "name": "setCss"}, "type": "method", "children": [{"attributes": {}, "type": "params", "children": [{"attributes": {"name": "element"}, "type": "param", "children": [{"attributes": {"text": "<p>The <span class=\"caps\">DOM</span> element to modify</p>"}, "type": "desc"}, {"attributes": {}, "type": "types", "children": [{"attributes": {"type": "Element"}, "type": "entry"}]}]}, {"attributes": {"name": "value"}, "type": "param", "children": [{"attributes": {"text": "<p>The full <span class=\"caps\">CSS</span> string</p>"}, "type": "desc"}, {"attributes": {}, "type": "types", "children": [{"attributes": {"type": "String"}, "type": "entry"}]}]}]}, {"attributes": {"text": "<p>Set the full <span class=\"caps\">CSS</span> content of the style attribute</p>"}, "type": "desc"}]}, {"attributes": {"line": 356, "isStatic": true, "name": "setStyles"}, "type": "method", "children": [{"attributes": {}, "type": "params", "children": [{"attributes": {"name": "element"}, "type": "param", "children": [{"attributes": {"text": "<p>The <span class=\"caps\">DOM</span> element to modify</p>"}, "type": "desc"}, {"attributes": {}, "type": "types", "children": [{"attributes": {"type": "Element"}, "type": "entry"}]}]}, {"attributes": {"name": "styles"}, "type": "param", "children": [{"attributes": {"text": "<p>a map where the key is the name of the property and the value is the value to use.</p>"}, "type": "desc"}, {"attributes": {}, "type": "types", "children": [{"attributes": {"type": "Map"}, "type": "entry"}]}]}, {"attributes": {"defaultValue": "true", "optional": true, "name": "smart"}, "type": "param", "children": [{"attributes": {"text": "<p>Whether the implementation should automatically use special implementations for some properties</p>"}, "type": "desc"}, {"attributes": {}, "type": "types", "children": [{"attributes": {"type": "Boolean"}, "type": "entry"}]}]}]}, {"attributes": {"text": "<p>Convenience method to modify a set of styles at once.</p>"}, "type": "desc"}]}]}, {"attributes": {}, "type": "constants", "children": [{"attributes": {"access": "private", "type": "Null", "name": "__cssNames", "value": "null"}, "type": "constant"}, {"attributes": {"access": "internal", "isInternal": true, "name": "__mshtmlPixel"}, "type": "constant", "children": [{"attributes": {"text": "<p>Mshtml has proprietary pixel* properties for locations and dimensions\nwhich return the pixel value. Used by getComputed() in mshtml variant.</p>"}, "type": "desc"}]}, {"attributes": {"type": "Number", "name": "COMPUTED_MODE", "value": "1"}, "type": "constant", "children": [{"attributes": {"text": "<p>Computed value of a style property. Compared to the cascaded style, this one also interprets the values e.g. translates <code>em</code> units to <code>px</code>.</p>"}, "type": "desc"}, {"attributes": {}, "type": "types", "children": [{"attributes": {"type": "Integer"}, "type": "entry"}]}]}, {"attributes": {"type": "Number", "name": "CASCADED_MODE", "value": "2"}, "type": "constant", "children": [{"attributes": {"text": "<p>Cascaded value of a style property.</p>"}, "type": "desc"}, {"attributes": {}, "type": "types", "children": [{"attributes": {"type": "Integer"}, "type": "entry"}]}]}, {"attributes": {"type": "Number", "name": "LOCAL_MODE", "value": "3"}, "type": "constant", "children": [{"attributes": {"text": "<p>Local value of a style property. Ignores inheritance cascade. Does not interpret values.</p>"}, "type": "desc"}, {"attributes": {}, "type": "types", "children": [{"attributes": {"type": "Integer"}, "type": "entry"}]}]}, {"attributes": {"access": "internal", "isInternal": true, "name": "__special"}, "type": "constant", "children": [{"attributes": {"text": "<p>Whether a special class is available for the processing of this style.</p>"}, "type": "desc"}]}, {"attributes": {"access": "private", "type": "Null", "name": "__styleNames", "value": "null"}, "type": "constant"}]}]}