{"attributes": {"fullName": "qx.bom.Vml", "packageName": "qx.bom", "isStatic": true, "type": "class", "name": "Vml"}, "type": "class", "children": [{"attributes": {"text": "<p>Helper class to work with <span class=\"caps\">VML</span> . If this class is used, it initialized <span class=\"caps\">VML</span>\nsupport.</p>\n\n<em>Note: This class is only available in Internet Explorer!</em>"}, "type": "desc"}, {"attributes": {}, "type": "methods-static", "children": [{"attributes": {"line": 47, "isStatic": true, "name": "create"}, "type": "method", "children": [{"attributes": {}, "type": "params", "children": [{"attributes": {"name": "type"}, "type": "param", "children": [{"attributes": {"text": "<p>The <span class=\"caps\">VML</span> element type</p>"}, "type": "desc"}, {"attributes": {}, "type": "types", "children": [{"attributes": {"type": "String"}, "type": "entry"}]}]}, {"attributes": {"defaultValue": "null", "optional": true, "name": "attributes"}, "type": "param", "children": [{"attributes": {"text": "<p>An optional map of element attributes</p>"}, "type": "desc"}, {"attributes": {}, "type": "types", "children": [{"attributes": {"type": "Map"}, "type": "entry"}]}]}, {"attributes": {"defaultValue": "null", "optional": true, "name": "win"}, "type": "param", "children": [{"attributes": {"text": "<p>The browser window element, in which the element should be created.</p>"}, "type": "desc"}, {"attributes": {}, "type": "types", "children": [{"attributes": {"type": "var"}, "type": "entry"}]}]}]}, {"attributes": {"text": "<p>Create <span class=\"caps\">VML</span> element</p>"}, "type": "desc"}, {"attributes": {}, "type": "return", "children": [{"attributes": {"text": "<p>The <span class=\"caps\">VML</span> element</p>"}, "type": "desc"}, {"attributes": {}, "type": "types", "children": [{"attributes": {"type": "Element"}, "type": "entry"}]}]}]}, {"attributes": {"line": 79, "isStatic": true, "name": "createImage"}, "type": "method", "children": [{"attributes": {}, "type": "params", "children": [{"attributes": {"optional": true, "name": "source"}, "type": "param", "children": [{"attributes": {"text": "<p>The <span class=\"caps\">URL</span> of the image to display</p>"}, "type": "desc"}, {"attributes": {}, "type": "types", "children": [{"attributes": {"type": "String"}, "type": "entry"}]}]}, {"attributes": {"optional": true, "name": "width"}, "type": "param", "children": [{"attributes": {"text": "<p>The desired width of the image element</p>"}, "type": "desc"}, {"attributes": {}, "type": "types", "children": [{"attributes": {"type": "Integer"}, "type": "entry"}]}]}, {"attributes": {"optional": true, "name": "height"}, "type": "param", "children": [{"attributes": {"text": "<p>The desired height of the image element</p>"}, "type": "desc"}, {"attributes": {}, "type": "types", "children": [{"attributes": {"type": "Integer"}, "type": "entry"}]}]}, {"attributes": {"defaultValue": "0", "optional": true, "name": "xOffset"}, "type": "param", "children": [{"attributes": {"text": "<p>The horizontal offset of the image inside of the image element.</p>"}, "type": "desc"}, {"attributes": {}, "type": "types", "children": [{"attributes": {"type": "Integer"}, "type": "entry"}]}]}, {"attributes": {"defaultValue": "0", "optional": true, "name": "yOffset"}, "type": "param", "children": [{"attributes": {"text": "<p>The vertical offset of the image inside of the image element.</p>"}, "type": "desc"}, {"attributes": {}, "type": "types", "children": [{"attributes": {"type": "Integer"}, "type": "entry"}]}]}, {"attributes": {"defaultValue": "null", "optional": true, "name": "imageWidth"}, "type": "param", "children": [{"attributes": {"text": "<p>The full width of the image. This value is required, when an xOffset is given.</p>"}, "type": "desc"}, {"attributes": {}, "type": "types", "children": [{"attributes": {"type": "Integer"}, "type": "entry"}]}]}, {"attributes": {"defaultValue": "null", "optional": true, "name": "imageHeight"}, "type": "param", "children": [{"attributes": {"text": "<p>The full height of the image. This value is required, when an yOffset is given.</p>"}, "type": "desc"}, {"attributes": {}, "type": "types", "children": [{"attributes": {"type": "Integer"}, "type": "entry"}]}]}]}, {"attributes": {"text": "<p>Creates an <span class=\"caps\">VML</span> image and configures it. The image is always tiled.</p>"}, "type": "desc"}, {"attributes": {}, "type": "return", "children": [{"attributes": {"text": "<p>the <span class=\"caps\">VML</span> element of the image</p>"}, "type": "desc"}, {"attributes": {}, "type": "types", "children": [{"attributes": {"type": "Element"}, "type": "entry"}]}]}]}, {"attributes": {"line": 117, "isStatic": true, "name": "updateImage"}, "type": "method", "children": [{"attributes": {}, "type": "params", "children": [{"attributes": {"name": "image"}, "type": "param", "children": [{"attributes": {"text": "<p>The image <span class=\"caps\">VML</span> element created by {@link #createImage}.</p>"}, "type": "desc"}, {"attributes": {}, "type": "types", "children": [{"attributes": {"type": "Element"}, "type": "entry"}]}]}, {"attributes": {"name": "source"}, "type": "param", "children": [{"attributes": {"text": "<p>The <span class=\"caps\">URL</span> of the image to display</p>"}, "type": "desc"}, {"attributes": {}, "type": "types", "children": [{"attributes": {"type": "String"}, "type": "entry"}]}]}, {"attributes": {"name": "width"}, "type": "param", "children": [{"attributes": {"text": "<p>The desired width of the image element</p>"}, "type": "desc"}, {"attributes": {}, "type": "types", "children": [{"attributes": {"type": "Integer"}, "type": "entry"}]}]}, {"attributes": {"name": "height"}, "type": "param", "children": [{"attributes": {"text": "<p>The desired height of the image element</p>"}, "type": "desc"}, {"attributes": {}, "type": "types", "children": [{"attributes": {"type": "Integer"}, "type": "entry"}]}]}, {"attributes": {"defaultValue": "0", "optional": true, "name": "xOffset"}, "type": "param", "children": [{"attributes": {"text": "<p>The horizontal offset of the image inside of the image element.</p>"}, "type": "desc"}, {"attributes": {}, "type": "types", "children": [{"attributes": {"type": "Integer"}, "type": "entry"}]}]}, {"attributes": {"defaultValue": "0", "optional": true, "name": "yOffset"}, "type": "param", "children": [{"attributes": {"text": "<p>The vertical offset of the image inside of the image element.</p>"}, "type": "desc"}, {"attributes": {}, "type": "types", "children": [{"attributes": {"type": "Integer"}, "type": "entry"}]}]}, {"attributes": {"defaultValue": "null", "optional": true, "name": "imageWidth"}, "type": "param", "children": [{"attributes": {"text": "<p>The full width of the image. This value is required, when an xOffset is given.</p>"}, "type": "desc"}, {"attributes": {}, "type": "types", "children": [{"attributes": {"type": "Integer"}, "type": "entry"}]}]}, {"attributes": {"defaultValue": "null", "optional": true, "name": "imageHeight"}, "type": "param", "children": [{"attributes": {"text": "<p>The full height of the image. This value is required, when an yOffset is given.</p>"}, "type": "desc"}, {"attributes": {}, "type": "types", "children": [{"attributes": {"type": "Integer"}, "type": "entry"}]}]}]}, {"attributes": {"text": "<p>Sets the image source and configures the image. The image element size\nresized to the given size and the image is always tiled.</p>"}, "type": "desc"}]}]}]}