{"attributes": {"group": "IO", "name": "Jsonp", "packageName": "qx.bom.request", "superClass": "qx.bom.request.Script", "fullName": "qx.bom.request.Jsonp", "type": "bootstrap"}, "type": "class", "children": [{"attributes": {"text": "<p>A special script loader handling <span class=\"caps\">JSONP</span> responses. Automatically\nprovides callbacks and populates responseJson property.</p>\n\n<p>Example:</p>\n\n<pre class=\"javascript\">\n var req = new qx.bom.request.Jsonp();\n\n // Some services have a fixed callback name\n // req.setCallbackName(\"callback\");\n\n req.onload = function() {\n   // Handle data received\n   req.responseJson;\n }\n\n req.open(\"GET\", url);\n req.send();\n</pre>"}, "type": "desc"}, {"attributes": {}, "type": "constructor", "children": [{"attributes": {"name": "ctor", "hasWarning": true, "docFrom": "qx.bom.request.Script", "isCtor": true, "line": 57, "overriddenFrom": "qx.bom.request.Script"}, "type": "method"}]}, {"attributes": {}, "type": "methods", "children": [{"attributes": {"access": "private", "line": 313, "name": "__callBase"}, "type": "method", "children": [{"attributes": {}, "type": "params", "children": [{"attributes": {"name": "method"}, "type": "param", "children": [{"attributes": {"text": "<p>Name of the overriden method.</p>"}, "type": "desc"}, {"attributes": {}, "type": "types", "children": [{"attributes": {"type": "String"}, "type": "entry"}]}]}, {"attributes": {"name": "args"}, "type": "param", "children": [{"attributes": {"text": "<p>Arguments.</p>"}, "type": "desc"}, {"attributes": {}, "type": "types", "children": [{"attributes": {"type": "Array"}, "type": "entry"}]}]}]}, {"attributes": {"text": "<p>Call overriden method.</p>"}, "type": "desc"}]}, {"attributes": {"access": "private", "line": 300, "name": "__deleteCustomCallback"}, "type": "method", "children": [{"attributes": {"text": "<p>Delete custom callback if dynamically created before.</p>"}, "type": "desc"}]}, {"attributes": {"access": "private", "line": 320, "name": "__generateId"}, "type": "method", "children": [{"attributes": {"text": "<p>Generate ID.</p>"}, "type": "desc"}]}, {"attributes": {"access": "protected", "line": 284, "overriddenFrom": "qx.bom.request.Script", "name": "_onNativeLoad"}, "type": "method", "children": [{"attributes": {"text": "<p>Handle native load.</p>"}, "type": "desc"}]}, {"attributes": {"line": 188, "name": "callback"}, "type": "method", "children": [{"attributes": {}, "type": "params", "children": [{"attributes": {"name": "data"}, "type": "param", "children": [{"attributes": {"text": "<p><span class=\"caps\">JSON</span></p>"}, "type": "desc"}, {"attributes": {}, "type": "types", "children": [{"attributes": {"type": "Object"}, "type": "entry"}]}]}]}, {"attributes": {"text": "<p>Callback provided for <span class=\"caps\">JSONP</span> response to pass data.</p>\n\n<p>Called internally to populate responseJson property\nand indicate successful status.</p>\n\n<p>Note: If you write a custom callback you&#8217;ll need to call\nthis method in order to notify the request about the data\nloaded. Writing a custom callback should not be necessary\nin most cases.</p>"}, "type": "desc"}]}, {"attributes": {"docFrom": "qx.bom.request.Script", "line": 274, "overriddenFrom": "qx.bom.request.Script", "name": "dispose"}, "type": "method"}, {"attributes": {"access": "internal", "isInternal": true, "line": 269, "name": "getGeneratedUrl"}, "type": "method", "children": [{"attributes": {"text": "<p>Returns the generated <span class=\"caps\">URL</span> for the current / last request</p>"}, "type": "desc"}, {"attributes": {}, "type": "return", "children": [{"attributes": {"text": "<p>The current generated <span class=\"caps\">URL</span> for the request</p>"}, "type": "desc"}, {"attributes": {}, "type": "types", "children": [{"attributes": {"type": "String"}, "type": "entry"}]}]}]}, {"attributes": {"line": 120, "overriddenFrom": "qx.bom.request.Script", "name": "open"}, "type": "method", "children": [{"attributes": {}, "type": "params", "children": [{"attributes": {"name": "method"}, "type": "param", "children": [{"attributes": {"text": "<p>The <span class=\"caps\">HTTP</span> method to use. This parameter exists for compatibility reasons. The script transport does not support methods other than <span class=\"caps\">GET</span>.</p>"}, "type": "desc"}, {"attributes": {}, "type": "types", "children": [{"attributes": {"type": "String"}, "type": "entry"}]}]}, {"attributes": {"name": "url"}, "type": "param", "children": [{"attributes": {"text": "<p>The <span class=\"caps\">URL</span> to which to send the request.</p>"}, "type": "desc"}, {"attributes": {}, "type": "types", "children": [{"attributes": {"type": "String"}, "type": "entry"}]}]}]}, {"attributes": {"text": "<p>Initializes (prepares) request.</p>"}, "type": "desc"}]}, {"attributes": {"line": 246, "name": "setCallbackName"}, "type": "method", "children": [{"attributes": {}, "type": "params", "children": [{"attributes": {"name": "name"}, "type": "param", "children": [{"attributes": {"text": "<p>Name of the callback function.</p>"}, "type": "desc"}, {"attributes": {}, "type": "types", "children": [{"attributes": {"type": "String"}, "type": "entry"}]}]}]}, {"attributes": {"text": "<p>Set callback name.</p>\n\n<p>Must be set to the name of the callback function that is called by the\nscript returned from the <span class=\"caps\">JSONP</span> service. By default, the callback name\nreferences this instance&#8217;s {@link #callback} method, allowing to connect\nmultiple <span class=\"caps\">JSONP</span> responses to different requests.</p>\n\n<p>If the <span class=\"caps\">JSONP</span> service allows to set custom callback names, it should not\nbe necessary to change the default. However, some services use a fixed\ncallback name. This is when setting the callbackName is useful. A\nfunction is created and made available globally under the given name.\nThe function receives the <span class=\"caps\">JSON</span> data and dispatches it to this instance&#8217;s\n{@link #callback} method. Please note that this function is only created\nif it does not exist before.</p>"}, "type": "desc"}, {"attributes": {}, "type": "return", "children": [{"attributes": {"text": "<p>Self reference for chaining.</p>"}, "type": "desc"}, {"attributes": {}, "type": "types", "children": [{"attributes": {"type": "qx.bom.request.Jsonp"}, "type": "entry"}]}]}]}, {"attributes": {"line": 221, "name": "setCallbackParam"}, "type": "method", "children": [{"attributes": {}, "type": "params", "children": [{"attributes": {"name": "param"}, "type": "param", "children": [{"attributes": {"text": "<p>Name of the callback parameter.</p>"}, "type": "desc"}, {"attributes": {}, "type": "types", "children": [{"attributes": {"type": "String"}, "type": "entry"}]}]}]}, {"attributes": {"text": "<p>Set callback parameter.</p>\n\n<p>Some <span class=\"caps\">JSONP</span> services expect the callback name to be passed labeled with a\nspecial <span class=\"caps\">URL</span> parameter key, e.g. &#8220;jsonp&#8221; in &#8221;?jsonp=myCallback&#8221;. The\ndefault is &#8220;callback&#8221;.</p>"}, "type": "desc"}, {"attributes": {}, "type": "return", "children": [{"attributes": {"text": "<p>Self reference for chaining.</p>"}, "type": "desc"}, {"attributes": {}, "type": "types", "children": [{"attributes": {"type": "qx.bom.request.Jsonp"}, "type": "entry"}]}]}]}, {"attributes": {"access": "internal", "isInternal": true, "line": 258, "name": "setPrefix"}, "type": "method", "children": [{"attributes": {}, "type": "params", "children": [{"attributes": {"name": "prefix"}, "type": "param", "children": [{"attributes": {"text": "<p>The prefix to put in front of &#8216;qx&#8217;</p>"}, "type": "desc"}, {"attributes": {}, "type": "types", "children": [{"attributes": {"type": "String"}, "type": "entry"}]}]}]}, {"attributes": {"text": "<p>Set the prefix used in front of &#8216;qx.&#8217; in case &#8216;qx&#8217; is not available\n(for qx.Website e.g.)</p>"}, "type": "desc"}]}]}]}