{"attributes": {"name": "HashHistory", "isInternal": true, "packageName": "qx.bom", "access": "internal", "superClass": "qx.bom.History", "fullName": "qx.bom.HashHistory", "type": "class"}, "type": "class", "children": [{"attributes": {"text": "<p>History manager implementation for IE greater 7. IE reloads iframe\ncontent on history actions even just hash value changed. This\nimplementation forwards history states (hashes) to a helper iframe.</p>"}, "type": "desc"}, {"attributes": {}, "type": "constructor", "children": [{"attributes": {"docFrom": "qx.core.Object", "line": 34, "isCtor": true, "overriddenFrom": "qx.bom.History", "name": "ctor"}, "type": "method"}]}, {"attributes": {}, "type": "methods", "children": [{"attributes": {"access": "private", "line": 142, "name": "__attachListeners"}, "type": "method", "children": [{"attributes": {"text": "<p>Attach hash change listeners</p>"}, "type": "desc"}]}, {"attributes": {"access": "private", "line": 92, "name": "__createIframe"}, "type": "method", "children": [{"attributes": {"text": "<p><span class=\"caps\">IMPORTANT</span> <span class=\"caps\">NOTE</span> <span class=\"caps\">FOR</span> IE:\nSetting the source before adding the iframe to the document.\nOtherwise IE will bring up a &#8220;Unsecure items&#8230;&#8221; warning in <span class=\"caps\">SSL</span> mode</p>"}, "type": "desc"}, {"attributes": {}, "type": "return", "children": [{"attributes": {"text": ""}, "type": "desc"}, {"attributes": {}, "type": "types", "children": [{"attributes": {"type": "Element"}, "type": "entry"}]}]}]}, {"attributes": {"access": "private", "line": 151, "name": "__detatchListeners"}, "type": "method", "children": [{"attributes": {"text": "<p>Remove hash change listeners</p>"}, "type": "desc"}]}, {"attributes": {"access": "private", "line": 72, "name": "__initIframe"}, "type": "method", "children": [{"attributes": {"text": "<p>Initializes the iframe</p>"}, "type": "desc"}]}, {"attributes": {"access": "private", "line": 160, "name": "__onHashChange"}, "type": "method", "children": [{"attributes": {"text": "<p>hash change event handler</p>"}, "type": "desc"}]}, {"attributes": {"access": "private", "line": 115, "name": "__waitForIFrame"}, "type": "method", "children": [{"attributes": {}, "type": "params", "children": [{"attributes": {"name": "callback"}, "type": "param", "children": [{"attributes": {"text": "<p>This function will be called once the iframe is loaded</p>"}, "type": "desc"}, {"attributes": {}, "type": "types", "children": [{"attributes": {"type": "Function"}, "type": "entry"}]}]}, {"attributes": {"defaultValue": "window", "optional": true, "name": "context"}, "type": "param", "children": [{"attributes": {"text": "<p>The context for the callback.</p>"}, "type": "desc"}, {"attributes": {}, "type": "types", "children": [{"attributes": {"type": "Object"}, "type": "entry"}]}]}, {"attributes": {"name": "retry"}, "type": "param", "children": [{"attributes": {"text": "<p>number of tries to initialize the iframe</p>"}, "type": "desc"}, {"attributes": {}, "type": "types", "children": [{"attributes": {"type": "Integer"}, "type": "entry"}]}]}]}, {"attributes": {"text": "<p>Waits for the IFrame being loaded. Once the IFrame is loaded\nthe callback is called with the provided context.</p>"}, "type": "desc"}]}, {"attributes": {"access": "protected", "line": 188, "overriddenFrom": "qx.bom.History", "name": "_getHash"}, "type": "method", "children": [{"attributes": {"text": "<p>Returns the fragment identifier of the top window <span class=\"caps\">URL</span>. For gecko browsers we\nhave to use a regular expression to avoid encoding problems.</p>"}, "type": "desc"}, {"attributes": {}, "type": "return", "children": [{"attributes": {"text": "<p>the fragment identifier or <code>null</code> if the iframe isn&#8217;t ready yet</p>"}, "type": "desc"}, {"attributes": {}, "type": "types", "children": [{"attributes": {"type": "String"}, "type": "entry"}, {"attributes": {"type": "null"}, "type": "entry"}]}]}]}, {"attributes": {"access": "protected", "line": 175, "overriddenFrom": "qx.bom.History", "name": "_readState"}, "type": "method", "children": [{"attributes": {"text": "<p>Browser dependent function to read the current state of the history</p>"}, "type": "desc"}, {"attributes": {}, "type": "return", "children": [{"attributes": {"text": "<p>current state of the browser history</p>"}, "type": "desc"}, {"attributes": {}, "type": "types", "children": [{"attributes": {"type": "String"}, "type": "entry"}]}]}]}, {"attributes": {"access": "protected", "line": 213, "overriddenFrom": "qx.bom.History", "name": "_setHash"}, "type": "method", "children": [{"attributes": {}, "type": "params", "children": [{"attributes": {"name": "value"}, "type": "param", "children": [{"attributes": {"text": "<p>the fragment identifier</p>"}, "type": "desc"}, {"attributes": {}, "type": "types", "children": [{"attributes": {"type": "String"}, "type": "entry"}]}]}]}, {"attributes": {"text": "<p>Sets the fragment identifier of the window <span class=\"caps\">URL</span></p>"}, "type": "desc"}]}, {"attributes": {"access": "protected", "line": 202, "overriddenFrom": "qx.bom.History", "name": "_writeState"}, "type": "method", "children": [{"attributes": {}, "type": "params", "children": [{"attributes": {"name": "state"}, "type": "param", "children": [{"attributes": {"text": "<p>state to save</p>"}, "type": "desc"}, {"attributes": {}, "type": "types", "children": [{"attributes": {"type": "String"}, "type": "entry"}]}]}]}, {"attributes": {"text": "<p>Save a state into the browser history.</p>"}, "type": "desc"}]}, {"attributes": {"docFrom": "qx.bom.History", "line": 50, "overriddenFrom": "qx.bom.History", "name": "addToHistory"}, "type": "method", "children": [{"attributes": {}, "type": "params", "children": [{"attributes": {"name": "state"}, "type": "param"}, {"attributes": {"name": "newTitle"}, "type": "param"}]}]}]}]}