{"attributes": {"fullName": "qx.bom.Flash", "packageName": "qx.bom", "isStatic": true, "type": "class", "name": "Flash"}, "type": "class", "children": [{"attributes": {"text": "<p>Flash&#8482; embed via script</p>\n\n<p>Include:</p>\n\n<ul>\n<li>Simple movie embedding (returning a cross-browser working <span class=\"caps\">DOM</span> node)</li>\n<li>Support for custom parameters and attributes</li>\n<li>Support for Flash&#8482; variables</li>\n</ul>\n\n<p>Does not include the following features from SWFFix:</p>\n\n<ul>\n<li>Active content workarounds for already inserted movies (via markup)</li>\n<li>Express install support</li>\n<li>Transformation of standard conformance markup to cross browser support</li>\n<li>Support for alternative content (alt text)</li>\n</ul>"}, "type": "desc"}, {"attributes": {}, "type": "constants", "children": [{"attributes": {"access": "protected", "name": "_flashObjects"}, "type": "constant", "children": [{"attributes": {"text": "<p>Saves the references to the flash objects to delete the flash objects\nbefore the browser is closed. Note: it is only used in IE.</p>"}, "type": "desc"}]}]}, {"attributes": {}, "type": "methods-static", "children": [{"attributes": {"access": "private", "line": 1, "isStatic": true, "name": "__createSwf"}, "type": "method", "children": [{"attributes": {}, "type": "params", "children": [{"attributes": {"name": "element"}, "type": "param", "children": [{"attributes": {"text": "<p><span class=\"caps\">DOM</span> element node where the Flash element node will be added.</p>"}, "type": "desc"}, {"attributes": {}, "type": "types", "children": [{"attributes": {"type": "Element"}, "type": "entry"}]}]}, {"attributes": {"name": "attributes"}, "type": "param", "children": [{"attributes": {"text": "<p>Flash attribute data.</p>"}, "type": "desc"}, {"attributes": {}, "type": "types", "children": [{"attributes": {"type": "Map"}, "type": "entry"}]}]}, {"attributes": {"name": "params"}, "type": "param", "children": [{"attributes": {"text": "<p>Flash parameter data.</p>"}, "type": "desc"}, {"attributes": {}, "type": "types", "children": [{"attributes": {"type": "Map"}, "type": "entry"}]}]}, {"attributes": {"name": "win"}, "type": "param", "children": [{"attributes": {"text": "<p>Window to create the element for.</p>"}, "type": "desc"}, {"attributes": {}, "type": "types", "children": [{"attributes": {"type": "Window"}, "type": "entry"}]}]}]}, {"attributes": {"text": "<p>Creates a <span class=\"caps\">DOM</span> element with a flash movie.</p>"}, "type": "desc"}]}, {"attributes": {"access": "private", "line": 1, "isStatic": true, "name": "__destroyObjectInIE"}, "type": "method", "children": [{"attributes": {}, "type": "params", "children": [{"attributes": {"name": "element"}, "type": "param", "children": [{"attributes": {"text": "<p>Flash object element to destroy.</p>"}, "type": "desc"}, {"attributes": {}, "type": "types", "children": [{"attributes": {"type": "Element"}, "type": "entry"}]}]}]}, {"attributes": {"text": "<p>Destroy the flash object and remove from <span class=\"caps\">DOM</span>, to fix memory leaks.</p>"}, "type": "desc"}]}, {"attributes": {"access": "private", "line": 1, "isStatic": true, "name": "__fixOutOfMemoryError"}, "type": "method", "children": [{"attributes": {"text": "<p>Internal helper to prevent leaks in IE</p>"}, "type": "desc"}]}, {"attributes": {"access": "private", "line": 208, "isStatic": true, "name": "__getFlashObject"}, "type": "method", "children": [{"attributes": {}, "type": "params", "children": [{"attributes": {"name": "element"}, "type": "param", "children": [{"attributes": {"text": "<p>The element to look.</p>"}, "type": "desc"}, {"attributes": {}, "type": "types", "children": [{"attributes": {"type": "Element"}, "type": "entry"}]}]}]}, {"attributes": {"text": "<p>Return the flash object element from <span class=\"caps\">DOM</span> node.</p>"}, "type": "desc"}, {"attributes": {}, "type": "return", "children": [{"attributes": {"text": "<p>Flash object element</p>"}, "type": "desc"}, {"attributes": {}, "type": "types", "children": [{"attributes": {"type": "Element"}, "type": "entry"}]}]}]}, {"attributes": {"line": 93, "isStatic": true, "name": "create"}, "type": "method", "children": [{"attributes": {}, "type": "params", "children": [{"attributes": {"name": "element"}, "type": "param", "children": [{"attributes": {"text": "<p>Parent <span class=\"caps\">DOM</span> element node to add flash movie</p>"}, "type": "desc"}, {"attributes": {}, "type": "types", "children": [{"attributes": {"type": "Element"}, "type": "entry"}]}]}, {"attributes": {"name": "attributes"}, "type": "param", "children": [{"attributes": {"text": "<p>attributes for the object tag like id or mayscript</p>"}, "type": "desc"}, {"attributes": {}, "type": "types", "children": [{"attributes": {"type": "Map"}, "type": "entry"}]}]}, {"attributes": {"defaultValue": "null", "optional": true, "name": "variables"}, "type": "param", "children": [{"attributes": {"text": "<p>Flash variable data (these are available in the movie later)</p>"}, "type": "desc"}, {"attributes": {}, "type": "types", "children": [{"attributes": {"type": "Map"}, "type": "entry"}]}]}, {"attributes": {"defaultValue": "null", "optional": true, "name": "params"}, "type": "param", "children": [{"attributes": {"text": "<p>Flash parameter data (these are used to configure the movie itself)</p>"}, "type": "desc"}, {"attributes": {}, "type": "types", "children": [{"attributes": {"type": "Map"}, "type": "entry"}]}]}, {"attributes": {"defaultValue": "null", "optional": true, "name": "win"}, "type": "param", "children": [{"attributes": {"text": "<p>Window to create the element for</p>"}, "type": "desc"}, {"attributes": {}, "type": "types", "children": [{"attributes": {"type": "Window"}, "type": "entry"}]}]}]}, {"attributes": {"text": "<p>Creates an <span class=\"caps\">DOM</span> element</p>\n\n<p>The dimension of the movie should define through <span class=\"caps\">CSS</span> styles {@link qx.bom.element.Style}</p>\n\n<p>It is possible to add these parameters as supported by Flash movies:\n<a href=\"http://helpx.adobe.com/flash/kb/flash-object-embed-tag-attributes.html\">http://helpx.adobe.com/flash/kb/flash-object-embed-tag-attributes.html</a></p>"}, "type": "desc"}, {"attributes": {}, "type": "return", "children": [{"attributes": {"text": "<p>The created Flash element</p>"}, "type": "desc"}, {"attributes": {}, "type": "types", "children": [{"attributes": {"type": "Element"}, "type": "entry"}]}]}]}, {"attributes": {"line": 1, "isStatic": true, "name": "destroy"}, "type": "method", "children": [{"attributes": {}, "type": "params", "children": [{"attributes": {"name": "element"}, "type": "param", "children": [{"attributes": {"text": "<p>Either the <span class=\"caps\">DOM</span> element that contains the flash object or the flash object itself.</p>"}, "type": "desc"}, {"attributes": {}, "type": "types", "children": [{"attributes": {"type": "Element"}, "type": "entry"}]}]}, {"attributes": {"optional": true, "name": "win"}, "type": "param", "children": [{"attributes": {"text": "<p>Window that the element, which is to be destroyed, belongs to.</p>"}, "type": "desc"}, {"attributes": {}, "type": "types", "children": [{"attributes": {"type": "Window"}, "type": "entry"}]}]}]}, {"attributes": {"text": "<p>Destroys the flash object from <span class=\"caps\">DOM</span>, but not the parent <span class=\"caps\">DOM</span> element.</p>\n\n<p>Note: Removing the flash object like this:</p>\n\n<pre>\n var div = qx.dom.Element.create(\"div\");\n document.body.appendChild(div);\n\n var flashObject = qx.bom.Flash.create(div, { movie : \"Flash.swf\", id : \"id\" });\n div.removeChild(div.firstChild);\n</pre>\n\n<p>involve memory leaks in Internet Explorer.</p>"}, "type": "desc"}]}]}]}