{"attributes": {"fullName": "qx.bom.String", "packageName": "qx.bom", "isStatic": true, "type": "bootstrap", "name": "String"}, "type": "class", "children": [{"attributes": {"text": "<p>A Collection of utility functions to escape and unescape strings.</p>"}, "type": "desc"}, {"attributes": {}, "type": "methods-static", "children": [{"attributes": {"line": 361, "isStatic": true, "name": "escape"}, "type": "method", "children": [{"attributes": {}, "type": "params", "children": [{"attributes": {"name": "str"}, "type": "param", "children": [{"attributes": {"text": "<p>the String to escape</p>"}, "type": "desc"}, {"attributes": {}, "type": "types", "children": [{"attributes": {"type": "String"}, "type": "entry"}]}]}]}, {"attributes": {"text": "<p>Escapes the characters in a <code>String</code> using <span class=\"caps\">HTML</span> entities.</p>\n\n<p>For example: <tt>&#8220;bread&#8221; &amp; &#8220;butter&#8221;</tt> => <tt>&amp;quot;bread&amp;quot; &amp;amp; &amp;quot;butter&amp;quot;</tt>.\nSupports all known <span class=\"caps\">HTML</span> 4.0 entities, including funky accents.</p>\n\n<ul>\n<li><a href=\"http://www.w3.org/TR/REC-html32#latin1\"><span class=\"caps\">HTML</span> 3.2 Character Entities for <span class=\"caps\">ISO</span> Latin-1</a></li>\n<li><a href=\"http://www.w3.org/TR/REC-html40/sgml/entities.html\"><span class=\"caps\">HTML</span> 4.0 Character entity references</a></li>\n<li><a href=\"http://www.w3.org/TR/html401/charset.html#h-5.3\"><span class=\"caps\">HTML</span> 4.01 Character References</a></li>\n<li><a href=\"http://www.w3.org/TR/html401/charset.html#code-position\"><span class=\"caps\">HTML</span> 4.01 Code positions</a></li>\n</ul>"}, "type": "desc"}, {"attributes": {}, "type": "return", "children": [{"attributes": {"text": "<p>a new escaped String</p>"}, "type": "desc"}, {"attributes": {}, "type": "types", "children": [{"attributes": {"type": "String"}, "type": "entry"}]}]}, {"attributes": {"name": "#unescape"}, "type": "see", "children": [{"attributes": {"text": ""}, "type": "desc"}]}]}, {"attributes": {"line": 396, "isStatic": true, "name": "fromText"}, "type": "method", "children": [{"attributes": {}, "type": "params", "children": [{"attributes": {"name": "str"}, "type": "param", "children": [{"attributes": {"text": "<p>the String to convert</p>"}, "type": "desc"}, {"attributes": {}, "type": "types", "children": [{"attributes": {"type": "String"}, "type": "entry"}]}]}]}, {"attributes": {"text": "<p>Converts a plain text string into <span class=\"caps\">HTML</span>.\nThis is similar to {@link #escape} but converts new lines to\n<tt>&amp;lt:br&amp;gt:</tt> and preserves whitespaces.</p>"}, "type": "desc"}, {"attributes": {}, "type": "return", "children": [{"attributes": {"text": "<p>a new converted String</p>"}, "type": "desc"}, {"attributes": {}, "type": "types", "children": [{"attributes": {"type": "String"}, "type": "entry"}]}]}, {"attributes": {"name": "#escape"}, "type": "see", "children": [{"attributes": {"text": ""}, "type": "desc"}]}]}, {"attributes": {"line": 421, "isStatic": true, "name": "toText"}, "type": "method", "children": [{"attributes": {}, "type": "params", "children": [{"attributes": {"name": "str"}, "type": "param", "children": [{"attributes": {"text": "<p><span class=\"caps\">HTML</span> string to converts</p>"}, "type": "desc"}, {"attributes": {}, "type": "types", "children": [{"attributes": {"type": "String"}, "type": "entry"}]}]}]}, {"attributes": {"text": "<p>Converts <span class=\"caps\">HTML</span> to plain text.</p>\n\n<ul>\n<li>Strips all <span class=\"caps\">HTML</span> tags</li>\n<li>converts <tt>&amp;lt:br&amp;gt:</tt> to new line</li>\n<li>unescapes <span class=\"caps\">HTML</span> entities</li>\n</ul>"}, "type": "desc"}, {"attributes": {}, "type": "return", "children": [{"attributes": {"text": "<p>plain text representation of the <span class=\"caps\">HTML</span> string</p>"}, "type": "desc"}, {"attributes": {}, "type": "types", "children": [{"attributes": {"type": "String"}, "type": "entry"}]}]}]}, {"attributes": {"line": 382, "isStatic": true, "name": "unescape"}, "type": "method", "children": [{"attributes": {}, "type": "params", "children": [{"attributes": {"name": "str"}, "type": "param", "children": [{"attributes": {"text": "<p>the String to unescape, may be null</p>"}, "type": "desc"}, {"attributes": {}, "type": "types", "children": [{"attributes": {"type": "String"}, "type": "entry"}]}]}]}, {"attributes": {"text": "<p>Unescapes a string containing entity escapes to a string\ncontaining the actual Unicode characters corresponding to the\nescapes. Supports <span class=\"caps\">HTML</span> 4.0 entities.</p>\n\n<p>For example, the string &#8221;&amp;lt;Fran&amp;ccedil;ais&amp;gt;&#8221;\nwill become &#8221;&lt;Fran&ccedil;ais&gt;&#8221;</p>\n\n<p>If an entity is unrecognized, it is left alone, and inserted\nverbatim into the result string. e.g. &#8221;&amp;gt;&amp;zzzz;x&#8221; will\nbecome &#8221;&gt;&amp;zzzz;x&#8221;.</p>"}, "type": "desc"}, {"attributes": {}, "type": "return", "children": [{"attributes": {"text": "<p>a new unescaped String</p>"}, "type": "desc"}, {"attributes": {}, "type": "types", "children": [{"attributes": {"type": "var"}, "type": "entry"}]}]}, {"attributes": {"name": "#escape"}, "type": "see", "children": [{"attributes": {"text": ""}, "type": "desc"}]}]}]}, {"attributes": {}, "type": "constants", "children": [{"attributes": {"name": "TO_CHARCODE"}, "type": "constant", "children": [{"attributes": {"text": "<p>Mapping of <span class=\"caps\">HTML</span> entity names to the corresponding char code</p>"}, "type": "desc"}]}]}]}