{"attributes": {"name": "NativeHistory", "isInternal": true, "packageName": "qx.bom", "access": "internal", "superClass": "qx.bom.History", "fullName": "qx.bom.NativeHistory", "type": "class"}, "type": "class", "children": [{"attributes": {"text": "<p>Default history manager implementation. Either polls for <span class=\"caps\">URL</span> fragment\nidentifier (hash) changes or uses the native &#8220;hashchange&#8221; event.</p>"}, "type": "desc"}, {"attributes": {}, "type": "constructor", "children": [{"attributes": {"docFrom": "qx.core.Object", "line": 32, "isCtor": true, "overriddenFrom": "qx.bom.History", "name": "ctor"}, "type": "method"}]}, {"attributes": {}, "type": "methods", "children": [{"attributes": {"access": "private", "line": 47, "name": "__attachListeners"}, "type": "method", "children": [{"attributes": {"text": "<p>Attach hash change listeners</p>"}, "type": "desc"}]}, {"attributes": {"access": "private", "line": 65, "name": "__detatchListeners"}, "type": "method", "children": [{"attributes": {"text": "<p>Remove hash change listeners</p>"}, "type": "desc"}]}, {"attributes": {"access": "private", "line": 78, "name": "__onHashChange"}, "type": "method", "children": [{"attributes": {"text": "<p>hash change event handler</p>"}, "type": "desc"}]}, {"attributes": {"access": "protected", "line": 93, "overriddenFrom": "qx.bom.History", "name": "_readState"}, "type": "method", "children": [{"attributes": {"text": "<p>Browser dependent function to read the current state of the history</p>"}, "type": "desc"}, {"attributes": {}, "type": "return", "children": [{"attributes": {"text": "<p>current state of the browser history</p>"}, "type": "desc"}, {"attributes": {}, "type": "types", "children": [{"attributes": {"type": "String"}, "type": "entry"}]}]}]}]}]}