{"attributes": {"isStatic": true, "name": "Css", "isInternal": true, "packageName": "qx.bom.client", "access": "internal", "fullName": "qx.bom.client.Css", "type": "bootstrap"}, "type": "class", "children": [{"attributes": {"text": "<p>The purpose of this class is to contain all checks about css.</p>\n\n<p>This class is used by {@link qx.core.Environment} and should not be used\ndirectly. Please check its class comment for details how to use it.</p>"}, "type": "desc"}, {"attributes": {}, "type": "methods-static", "children": [{"attributes": {"access": "private", "line": 433, "isStatic": true, "name": "__isFilterSupported"}, "type": "method", "children": [{"attributes": {}, "type": "params", "children": [{"attributes": {"name": "filterClass"}, "type": "param", "children": [{"attributes": {"text": "<p>The name of the filter class</p>"}, "type": "desc"}, {"attributes": {}, "type": "types", "children": [{"attributes": {"type": "String"}, "type": "entry"}]}]}, {"attributes": {"name": "initParams"}, "type": "param", "children": [{"attributes": {"text": "<p>Init values for the filter</p>"}, "type": "desc"}, {"attributes": {}, "type": "types", "children": [{"attributes": {"type": "String"}, "type": "entry"}]}]}]}, {"attributes": {"text": "<p>Checks if the given filter is supported.</p>"}, "type": "desc"}, {"attributes": {}, "type": "return", "children": [{"attributes": {"text": "<code>true</code> if the given filter is supported"}, "type": "desc"}, {"attributes": {}, "type": "types", "children": [{"attributes": {"type": "Boolean"}, "type": "entry"}]}]}]}, {"attributes": {"line": 457, "isStatic": true, "name": "getAlphaImageLoaderNeeded"}, "type": "method", "children": [{"attributes": {"text": "<p>Checks if the Alpha Image Loader must be used to display transparent PNGs.</p>"}, "type": "desc"}, {"attributes": {}, "type": "return", "children": [{"attributes": {"text": "<code>true</code> if the Alpha Image Loader is required"}, "type": "desc"}, {"attributes": {}, "type": "types", "children": [{"attributes": {"type": "Boolean"}, "type": "entry"}]}]}]}, {"attributes": {"access": "internal", "isInternal": true, "line": 80, "isStatic": true, "name": "getAppearance"}, "type": "method", "children": [{"attributes": {"text": "<p>Returns the (possibly vendor-prefixed) name the browser uses for the\n<code>appearance</code> style property.</p>"}, "type": "desc"}, {"attributes": {}, "type": "return", "children": [{"attributes": {"text": "<p>appearance property name or <code>null</code> if appearance is not supported.</p>"}, "type": "desc"}, {"attributes": {}, "type": "types", "children": [{"attributes": {"type": "String"}, "type": "entry"}, {"attributes": {"type": "null"}, "type": "entry"}]}]}]}, {"attributes": {"access": "internal", "isInternal": true, "line": 119, "isStatic": true, "name": "getBorderImage"}, "type": "method", "children": [{"attributes": {"text": "<p>Returns the (possibly vendor-prefixed) name the browser uses for the\n<code>borderImage</code> style property.</p>"}, "type": "desc"}, {"attributes": {}, "type": "return", "children": [{"attributes": {"text": "<p>borderImage property name or <code>null</code> if borderImage is not supported.</p>"}, "type": "desc"}, {"attributes": {}, "type": "types", "children": [{"attributes": {"type": "String"}, "type": "entry"}, {"attributes": {"type": "null"}, "type": "entry"}]}]}]}, {"attributes": {"access": "internal", "isInternal": true, "line": 134, "isStatic": true, "name": "getBorderImageSyntax"}, "type": "method", "children": [{"attributes": {"text": "<p>Returns the type of syntax this client supports for its <span class=\"caps\">CSS</span> border-image\nimplementation. Some browsers do not support the &#8220;fill&#8221; keyword defined\nin the W3C draft (<a href=\"http://www.w3.org/TR/css3-background/\">http://www.w3.org/TR/css3-background/</a>) and will not\nshow the border image if it&#8217;s set. Others follow the standard closely and\nwill omit the center image if &#8220;fill&#8221; is not set.</p>"}, "type": "desc"}, {"attributes": {}, "type": "return", "children": [{"attributes": {"text": "<code>true</code> if the standard syntax is supported. <code>null</code> if the supported syntax could not be detected."}, "type": "desc"}, {"attributes": {}, "type": "types", "children": [{"attributes": {"type": "Boolean"}, "type": "entry"}, {"attributes": {"type": "null"}, "type": "entry"}]}]}]}, {"attributes": {"access": "internal", "isInternal": true, "line": 93, "isStatic": true, "name": "getBorderRadius"}, "type": "method", "children": [{"attributes": {"text": "<p>Returns the (possibly vendor-prefixed) name the browser uses for the\n<code>borderRadius</code> style property.</p>"}, "type": "desc"}, {"attributes": {}, "type": "return", "children": [{"attributes": {"text": "<p>borderRadius property name or <code>null</code> if borderRadius is not supported.</p>"}, "type": "desc"}, {"attributes": {}, "type": "types", "children": [{"attributes": {"type": "String"}, "type": "entry"}, {"attributes": {"type": "null"}, "type": "entry"}]}]}]}, {"attributes": {"access": "internal", "isInternal": true, "line": 40, "isStatic": true, "name": "getBoxModel"}, "type": "method", "children": [{"attributes": {"text": "<p>Checks what box model is used in the current environemnt.</p>"}, "type": "desc"}, {"attributes": {}, "type": "return", "children": [{"attributes": {"text": "<p>It either returns &#8220;content&#8221; or &#8220;border&#8221;.</p>"}, "type": "desc"}, {"attributes": {}, "type": "types", "children": [{"attributes": {"type": "String"}, "type": "entry"}]}]}]}, {"attributes": {"access": "internal", "isInternal": true, "line": 106, "isStatic": true, "name": "getBoxShadow"}, "type": "method", "children": [{"attributes": {"text": "<p>Returns the (possibly vendor-prefixed) name the browser uses for the\n<code>boxShadow</code> style property.</p>"}, "type": "desc"}, {"attributes": {}, "type": "return", "children": [{"attributes": {"text": "<p>boxShadow property name or <code>null</code> if boxShadow is not supported.</p>"}, "type": "desc"}, {"attributes": {}, "type": "types", "children": [{"attributes": {"type": "String"}, "type": "entry"}, {"attributes": {"type": "null"}, "type": "entry"}]}]}]}, {"attributes": {"access": "internal", "isInternal": true, "line": 361, "isStatic": true, "name": "getBoxSizing"}, "type": "method", "children": [{"attributes": {"text": "<p>Returns the (possibly vendor-prefixed) name the browser uses for the\n<code>boxSizing</code> style property.</p>"}, "type": "desc"}, {"attributes": {}, "type": "return", "children": [{"attributes": {"text": "<p>boxSizing property name or <code>null</code> if boxSizing is not supported.</p>"}, "type": "desc"}, {"attributes": {}, "type": "types", "children": [{"attributes": {"type": "String"}, "type": "entry"}, {"attributes": {"type": "null"}, "type": "entry"}]}]}]}, {"attributes": {"access": "internal", "isInternal": true, "line": 282, "isStatic": true, "name": "getFilterGradient"}, "type": "method", "children": [{"attributes": {"text": "<p>Returns <code>true</code> if the browser supports setting gradients\nusing the filter style. This usually only applies for IE browsers\nstarting from IE5.5.\n<a href=\"http://msdn.microsoft.com/en-us/library/ms532997\">http://msdn.microsoft.com/en-us/library/ms532997</a>(v=vs.85).aspx</p>"}, "type": "desc"}, {"attributes": {}, "type": "return", "children": [{"attributes": {"text": "<code>true</code> if supported."}, "type": "desc"}, {"attributes": {}, "type": "types", "children": [{"attributes": {"type": "Boolean"}, "type": "entry"}]}]}]}, {"attributes": {"access": "internal", "isInternal": true, "line": 418, "isStatic": true, "name": "getFilterTextShadow"}, "type": "method", "children": [{"attributes": {"text": "<p>Returns <code>true</code> if the browser supports setting text shadow\nusing the filter style. This usually only applies for IE browsers\nstarting from IE5.5.</p>"}, "type": "desc"}, {"attributes": {}, "type": "return", "children": [{"attributes": {"text": "<code>true</code> if textShadow is supported"}, "type": "desc"}, {"attributes": {}, "type": "types", "children": [{"attributes": {"type": "Boolean"}, "type": "entry"}]}]}]}, {"attributes": {"access": "internal", "isInternal": true, "line": 220, "isStatic": true, "name": "getFloat"}, "type": "method", "children": [{"attributes": {"text": "<p>Returns the vendor-specific name of the <code>float</code> style property</p>"}, "type": "desc"}, {"attributes": {}, "type": "return", "children": [{"attributes": {"text": "<code>cssFloat</code> for standards-compliant browsers, <code>styleFloat</code> for legacy IEs, <code>null</code> if the client supports neither property."}, "type": "desc"}, {"attributes": {}, "type": "types", "children": [{"attributes": {"type": "String"}, "type": "entry"}, {"attributes": {"type": "null"}, "type": "entry"}]}]}]}, {"attributes": {"access": "internal", "isInternal": true, "line": 373, "isStatic": true, "name": "getInlineBlock"}, "type": "method", "children": [{"attributes": {"text": "<p>Returns the browser-specific name used for the <code>display</code> style\nproperty&#8217;s <code>inline-block</code> value.</p>"}, "type": "desc"}, {"attributes": {}, "type": "return", "children": [{"attributes": {"text": ""}, "type": "desc"}, {"attributes": {}, "type": "types", "children": [{"attributes": {"type": "String"}, "type": "entry"}, {"attributes": {"type": "null"}, "type": "entry"}]}]}]}, {"attributes": {"access": "internal", "isInternal": true, "line": 318, "isStatic": true, "name": "getLegacyWebkitGradient"}, "type": "method", "children": [{"attributes": {"text": "<p>Checks if <b>only</b> the old WebKit (version < 534.16) syntax for\nlinear gradients is supported, e.g.\n<code>linear-gradient(0deg, #fff, #000)</code></p>"}, "type": "desc"}, {"attributes": {}, "type": "return", "children": [{"attributes": {"text": "<code>true</code> if the legacy syntax must be used"}, "type": "desc"}, {"attributes": {}, "type": "types", "children": [{"attributes": {"type": "Boolean"}, "type": "entry"}]}]}]}, {"attributes": {"access": "internal", "isInternal": true, "line": 247, "isStatic": true, "name": "getLinearGradient"}, "type": "method", "children": [{"attributes": {"text": "<p>Returns the (possibly vendor-prefixed) name this client uses for\n<code>linear-gradient</code>.\n<a href=\"http://dev.w3.org/csswg/css3-images/#linear-gradients\">http://dev.w3.org/csswg/css3-images/#linear-gradients</a></p>"}, "type": "desc"}, {"attributes": {}, "type": "return", "children": [{"attributes": {"text": "<p>Prefixed linear-gradient name or <code>null</code> if linear gradients are not supported</p>"}, "type": "desc"}, {"attributes": {}, "type": "types", "children": [{"attributes": {"type": "String"}, "type": "entry"}, {"attributes": {"type": "null"}, "type": "entry"}]}]}]}, {"attributes": {"access": "internal", "isInternal": true, "line": 393, "isStatic": true, "name": "getOpacity"}, "type": "method", "children": [{"attributes": {"text": "<p>Checks if <span class=\"caps\">CSS</span> opacity is supported</p>"}, "type": "desc"}, {"attributes": {}, "type": "return", "children": [{"attributes": {"text": "<code>true</code> if opacity is supported"}, "type": "desc"}, {"attributes": {}, "type": "types", "children": [{"attributes": {"type": "Boolean"}, "type": "entry"}]}]}]}, {"attributes": {"access": "internal", "isInternal": true, "line": 66, "isStatic": true, "name": "getPlaceholder"}, "type": "method", "children": [{"attributes": {"text": "<p>Checks if a placeholder could be used.</p>"}, "type": "desc"}, {"attributes": {}, "type": "return", "children": [{"attributes": {"text": "<code>true</code>, if it could be used."}, "type": "desc"}, {"attributes": {}, "type": "types", "children": [{"attributes": {"type": "Boolean"}, "type": "entry"}]}]}]}, {"attributes": {"access": "internal", "isInternal": true, "line": 470, "isStatic": true, "name": "getPointerEvents"}, "type": "method", "children": [{"attributes": {"text": "<p>Checks if pointer events are available.</p>"}, "type": "desc"}, {"attributes": {}, "type": "return", "children": [{"attributes": {"text": "<code>true</code> if pointer events are supported."}, "type": "desc"}, {"attributes": {}, "type": "types", "children": [{"attributes": {"type": "Boolean"}, "type": "entry"}]}]}]}, {"attributes": {"access": "internal", "isInternal": true, "line": 297, "isStatic": true, "name": "getRadialGradient"}, "type": "method", "children": [{"attributes": {"text": "<p>Returns the (possibly vendor-prefixed) name this client uses for\n<code>radial-gradient</code>.</p>"}, "type": "desc"}, {"attributes": {}, "type": "return", "children": [{"attributes": {"text": "<p>Prefixed radial-gradient name or <code>null</code> if radial gradients are not supported</p>"}, "type": "desc"}, {"attributes": {}, "type": "types", "children": [{"attributes": {"type": "String"}, "type": "entry"}, {"attributes": {"type": "null"}, "type": "entry"}]}]}]}, {"attributes": {"access": "internal", "isInternal": true, "line": 333, "isStatic": true, "name": "getRgba"}, "type": "method", "children": [{"attributes": {"text": "<p>Checks if rgba colors can be used:\n<a href=\"http://www.w3.org/TR/2010/PR-css3-color-20101028/#rgba-color\">http://www.w3.org/TR/2010/PR-css3-color-20101028/#rgba-color</a></p>"}, "type": "desc"}, {"attributes": {}, "type": "return", "children": [{"attributes": {"text": "<code>true</code>, if rgba colors are supported."}, "type": "desc"}, {"attributes": {}, "type": "types", "children": [{"attributes": {"type": "Boolean"}, "type": "entry"}]}]}]}, {"attributes": {"access": "internal", "isInternal": true, "line": 56, "isStatic": true, "name": "getTextOverflow"}, "type": "method", "children": [{"attributes": {"text": "<p>Returns the (possibly vendor-prefixed) name the browser uses for the\n<code>textOverflow</code> style property.</p>"}, "type": "desc"}, {"attributes": {}, "type": "return", "children": [{"attributes": {"text": "<p>textOverflow property name or <code>null</code> if textOverflow is not supported.</p>"}, "type": "desc"}, {"attributes": {}, "type": "types", "children": [{"attributes": {"type": "String"}, "type": "entry"}, {"attributes": {"type": "null"}, "type": "entry"}]}]}]}, {"attributes": {"access": "internal", "isInternal": true, "line": 404, "isStatic": true, "name": "getTextShadow"}, "type": "method", "children": [{"attributes": {"text": "<p>Checks if <span class=\"caps\">CSS</span> texShadow is supported</p>"}, "type": "desc"}, {"attributes": {}, "type": "return", "children": [{"attributes": {"text": "<code>true</code> if textShadow is supported"}, "type": "desc"}, {"attributes": {}, "type": "types", "children": [{"attributes": {"type": "Boolean"}, "type": "entry"}]}]}]}, {"attributes": {"access": "internal", "isInternal": true, "line": 233, "isStatic": true, "name": "getTranslate3d"}, "type": "method", "children": [{"attributes": {"text": "<p>Checks if translate3d can be used.</p>"}, "type": "desc"}, {"attributes": {}, "type": "return", "children": [{"attributes": {"text": "<code>true</code>, if it could be used."}, "type": "desc"}, {"attributes": {}, "type": "types", "children": [{"attributes": {"type": "Boolean"}, "type": "entry"}]}]}]}, {"attributes": {"access": "internal", "isInternal": true, "line": 208, "isStatic": true, "name": "getUserModify"}, "type": "method", "children": [{"attributes": {"text": "<p>Returns the (possibly vendor-prefixed) name the browser uses for the\n<code>userModify</code> style property.</p>"}, "type": "desc"}, {"attributes": {}, "type": "return", "children": [{"attributes": {"text": "<p>userModify property name or <code>null</code> if userModify is not supported.</p>"}, "type": "desc"}, {"attributes": {}, "type": "types", "children": [{"attributes": {"type": "String"}, "type": "entry"}, {"attributes": {"type": "null"}, "type": "entry"}]}]}]}, {"attributes": {"access": "internal", "isInternal": true, "line": 174, "isStatic": true, "name": "getUserSelect"}, "type": "method", "children": [{"attributes": {"text": "<p>Returns the (possibly vendor-prefixed) name the browser uses for the\n<code>userSelect</code> style property.</p>"}, "type": "desc"}, {"attributes": {}, "type": "return", "children": [{"attributes": {"text": "<p>userSelect property name or <code>null</code> if userSelect is not supported.</p>"}, "type": "desc"}, {"attributes": {}, "type": "types", "children": [{"attributes": {"type": "String"}, "type": "entry"}, {"attributes": {"type": "null"}, "type": "entry"}]}]}]}, {"attributes": {"access": "internal", "isInternal": true, "line": 189, "isStatic": true, "name": "getUserSelectNone"}, "type": "method", "children": [{"attributes": {"text": "<p>Returns the (possibly vendor-prefixed) value for the\n<code>userSelect</code> style property that disables selection. For Gecko,\n&#8221;-moz-none&#8221; is returned since &#8220;none&#8221; only makes the target element appear\nas if its text could not be selected</p>"}, "type": "desc"}, {"attributes": {}, "type": "return", "children": [{"attributes": {"text": "<p>the userSelect property value that disables selection or <code>null</code> if userSelect is not supported</p>"}, "type": "desc"}, {"attributes": {}, "type": "types", "children": [{"attributes": {"type": "String"}, "type": "entry"}, {"attributes": {"type": "null"}, "type": "entry"}]}]}]}]}, {"attributes": {}, "type": "constants", "children": [{"attributes": {"access": "private", "type": "Null", "name": "__WEBKIT_LEGACY_GRADIENT", "value": "null"}, "type": "constant"}]}]}