{"attributes": {"isStatic": true, "name": "Html", "isInternal": true, "packageName": "qx.bom.client", "access": "internal", "fullName": "qx.bom.client.Html", "type": "bootstrap"}, "type": "class", "children": [{"attributes": {"text": "<p>Internal class which contains the checks used by {@link qx.core.Environment}.\nAll checks in here are marked as internal which means you should never use\nthem directly.</p>\n\n<p>This class should contain all checks about <span class=\"caps\">HTML</span>.</p>"}, "type": "desc"}, {"attributes": {}, "type": "methods-static", "children": [{"attributes": {"access": "internal", "isInternal": true, "line": 71, "isStatic": true, "name": "getAudio"}, "type": "method", "children": [{"attributes": {"text": "<p>Whether the client supports audio.</p>"}, "type": "desc"}, {"attributes": {}, "type": "return", "children": [{"attributes": {"text": "<code>true</code> if audio is supported"}, "type": "desc"}, {"attributes": {}, "type": "types", "children": [{"attributes": {"type": "Boolean"}, "type": "entry"}]}]}]}, {"attributes": {"access": "internal", "isInternal": true, "line": 137, "isStatic": true, "name": "getAudioAif"}, "type": "method", "children": [{"attributes": {"text": "<p>Whether the client can play aif audio format.</p>"}, "type": "desc"}, {"attributes": {}, "type": "return", "children": [{"attributes": {"text": "<p>&#8221;&#8221; or &#8220;maybe&#8221; or &#8220;probably&#8221;</p>"}, "type": "desc"}, {"attributes": {}, "type": "types", "children": [{"attributes": {"type": "String"}, "type": "entry"}]}]}]}, {"attributes": {"access": "internal", "isInternal": true, "line": 123, "isStatic": true, "name": "getAudioAu"}, "type": "method", "children": [{"attributes": {"text": "<p>Whether the client can play au audio format.</p>"}, "type": "desc"}, {"attributes": {}, "type": "return", "children": [{"attributes": {"text": "<p>&#8221;&#8221; or &#8220;maybe&#8221; or &#8220;probably&#8221;</p>"}, "type": "desc"}, {"attributes": {}, "type": "types", "children": [{"attributes": {"type": "String"}, "type": "entry"}]}]}]}, {"attributes": {"access": "internal", "isInternal": true, "line": 95, "isStatic": true, "name": "getAudioMp3"}, "type": "method", "children": [{"attributes": {"text": "<p>Whether the client can play mp3 audio format.</p>"}, "type": "desc"}, {"attributes": {}, "type": "return", "children": [{"attributes": {"text": "<p>&#8221;&#8221; or &#8220;maybe&#8221; or &#8220;probably&#8221;</p>"}, "type": "desc"}, {"attributes": {}, "type": "types", "children": [{"attributes": {"type": "String"}, "type": "entry"}]}]}]}, {"attributes": {"access": "internal", "isInternal": true, "line": 81, "isStatic": true, "name": "getAudioOgg"}, "type": "method", "children": [{"attributes": {"text": "<p>Whether the client can play ogg audio format.</p>"}, "type": "desc"}, {"attributes": {}, "type": "return", "children": [{"attributes": {"text": "<p>&#8221;&#8221; or &#8220;maybe&#8221; or &#8220;probably&#8221;</p>"}, "type": "desc"}, {"attributes": {}, "type": "types", "children": [{"attributes": {"type": "String"}, "type": "entry"}]}]}]}, {"attributes": {"access": "internal", "isInternal": true, "line": 109, "isStatic": true, "name": "getAudioWav"}, "type": "method", "children": [{"attributes": {"text": "<p>Whether the client can play wave audio wave format.</p>"}, "type": "desc"}, {"attributes": {}, "type": "return", "children": [{"attributes": {"text": "<p>&#8221;&#8221; or &#8220;maybe&#8221; or &#8220;probably&#8221;</p>"}, "type": "desc"}, {"attributes": {}, "type": "types", "children": [{"attributes": {"type": "String"}, "type": "entry"}]}]}]}, {"attributes": {"access": "internal", "isInternal": true, "line": 348, "isStatic": true, "name": "getCanvas"}, "type": "method", "children": [{"attributes": {"text": "<p>Checks if canvas could be used</p>"}, "type": "desc"}, {"attributes": {}, "type": "return", "children": [{"attributes": {"text": "<code>true</code> if canvas is supported."}, "type": "desc"}, {"attributes": {}, "type": "types", "children": [{"attributes": {"type": "Boolean"}, "type": "entry"}]}]}]}, {"attributes": {"access": "internal", "isInternal": true, "line": 274, "isStatic": true, "name": "getClassList"}, "type": "method", "children": [{"attributes": {"text": "<p>Whether the browser supports <span class=\"caps\">CSS</span> class lists.\n<a href=\"https://developer.mozilla.org/en-US/docs/DOM/element.classList\">https://developer.mozilla.org/en-US/docs/DOM/element.classList</a></p>"}, "type": "desc"}, {"attributes": {}, "type": "return", "children": [{"attributes": {"text": "<code>true</code> if class list is supported."}, "type": "desc"}, {"attributes": {}, "type": "types", "children": [{"attributes": {"type": "Boolean"}, "type": "entry"}]}]}]}, {"attributes": {"access": "internal", "isInternal": true, "line": 401, "isStatic": true, "name": "getCompareDocumentPosition"}, "type": "method", "children": [{"attributes": {"text": "<p>Check for element.compareDocumentPosition</p>"}, "type": "desc"}, {"attributes": {}, "type": "return", "children": [{"attributes": {"text": "<code>true</code> if element.compareDocumentPosition is supported"}, "type": "desc"}, {"attributes": {}, "type": "types", "children": [{"attributes": {"type": "Boolean"}, "type": "entry"}]}]}]}, {"attributes": {"access": "internal", "isInternal": true, "line": 427, "isStatic": true, "name": "getConsole"}, "type": "method", "children": [{"attributes": {"text": "<p>Check for a console object.</p>"}, "type": "desc"}, {"attributes": {}, "type": "return", "children": [{"attributes": {"text": "<code>true</code> if a console is available."}, "type": "desc"}, {"attributes": {}, "type": "types", "children": [{"attributes": {"type": "Boolean"}, "type": "entry"}]}]}]}, {"attributes": {"access": "internal", "isInternal": true, "line": 388, "isStatic": true, "name": "getContains"}, "type": "method", "children": [{"attributes": {"text": "<p>Check for element.contains</p>"}, "type": "desc"}, {"attributes": {}, "type": "return", "children": [{"attributes": {"text": "<code>true</code> if element.contains is supported"}, "type": "desc"}, {"attributes": {}, "type": "types", "children": [{"attributes": {"type": "Boolean"}, "type": "entry"}]}]}]}, {"attributes": {"access": "internal", "isInternal": true, "line": 377, "isStatic": true, "name": "getDataset"}, "type": "method", "children": [{"attributes": {"text": "<p>Checks if dataset could be used</p>"}, "type": "desc"}, {"attributes": {}, "type": "return", "children": [{"attributes": {"text": "<code>true</code> if dataset is supported."}, "type": "desc"}, {"attributes": {}, "type": "types", "children": [{"attributes": {"type": "Boolean"}, "type": "entry"}]}]}]}, {"attributes": {"access": "internal", "isInternal": true, "line": 360, "isStatic": true, "name": "getDataUrl"}, "type": "method", "children": [{"attributes": {}, "type": "params", "children": [{"attributes": {"name": "callback"}, "type": "param", "children": [{"attributes": {"text": "<p>The function which should be executed as soon as the check is done.</p>"}, "type": "desc"}, {"attributes": {}, "type": "types", "children": [{"attributes": {"type": "Function"}, "type": "entry"}]}]}]}, {"attributes": {"text": "<p>Asynchronous check for using data urls.</p>"}, "type": "desc"}]}, {"attributes": {"access": "internal", "isInternal": true, "line": 49, "isStatic": true, "name": "getFileReader"}, "type": "method", "children": [{"attributes": {"text": "<p>Whether the client supports File Readers</p>"}, "type": "desc"}, {"attributes": {}, "type": "return", "children": [{"attributes": {"text": "<code>true</code> if FileReaders are supported"}, "type": "desc"}, {"attributes": {}, "type": "types", "children": [{"attributes": {"type": "Boolean"}, "type": "entry"}]}]}]}, {"attributes": {"access": "internal", "isInternal": true, "line": 60, "isStatic": true, "name": "getGeoLocation"}, "type": "method", "children": [{"attributes": {"text": "<p>Whether the client supports Geo Location.</p>"}, "type": "desc"}, {"attributes": {}, "type": "return", "children": [{"attributes": {"text": "<code>true</code> if geolocation supported"}, "type": "desc"}, {"attributes": {}, "type": "types", "children": [{"attributes": {"type": "Boolean"}, "type": "entry"}]}]}]}, {"attributes": {"access": "internal", "isInternal": true, "line": 454, "isStatic": true, "name": "getHistoryState"}, "type": "method", "children": [{"attributes": {"text": "<p>Check for HTML5 history manipulation support.</p>"}, "type": "desc"}, {"attributes": {}, "type": "return", "children": [{"attributes": {"text": "<code>true</code> if the HTML5 history API is supported"}, "type": "desc"}, {"attributes": {}, "type": "types", "children": [{"attributes": {"type": "Boolean"}, "type": "entry"}]}]}]}, {"attributes": {"line": 488, "isStatic": true, "name": "getIsEqualNode"}, "type": "method", "children": [{"attributes": {"text": "<p>Check for the isEqualNode <span class=\"caps\">DOM</span> method.</p>"}, "type": "desc"}, {"attributes": {}, "type": "return", "children": [{"attributes": {"text": "<code>true</code> if isEqualNode is supported by DOM nodes"}, "type": "desc"}, {"attributes": {}, "type": "types", "children": [{"attributes": {"type": "Boolean"}, "type": "entry"}]}]}]}, {"attributes": {"access": "internal", "isInternal": true, "line": 204, "isStatic": true, "name": "getLocalStorage"}, "type": "method", "children": [{"attributes": {"text": "<p>Whether the client supports local storage.</p>"}, "type": "desc"}, {"attributes": {}, "type": "return", "children": [{"attributes": {"text": "<code>true</code> if local storage is supported"}, "type": "desc"}, {"attributes": {}, "type": "types", "children": [{"attributes": {"type": "Boolean"}, "type": "entry"}]}]}]}, {"attributes": {"access": "internal", "isInternal": true, "line": 440, "isStatic": true, "name": "getNaturalDimensions"}, "type": "method", "children": [{"attributes": {"text": "<p>Check for the <code>naturalHeight</code> and <code>naturalWidth</code>\nimage element attributes.</p>"}, "type": "desc"}, {"attributes": {}, "type": "return", "children": [{"attributes": {"text": "<code>true</code> if both attributes are supported"}, "type": "desc"}, {"attributes": {}, "type": "types", "children": [{"attributes": {"type": "Boolean"}, "type": "entry"}]}]}]}, {"attributes": {"line": 471, "isStatic": true, "name": "getSelection"}, "type": "method", "children": [{"attributes": {"text": "<p>Returns the name of the native object/function used to access the\ndocument&#8217;s text selection.</p>"}, "type": "desc"}, {"attributes": {}, "type": "return", "children": [{"attributes": {"text": "<code>getSelection</code> if the standard window.getSelection function is available; <code>selection</code> if the MS-proprietary document.selection object is available; <code>null</code> if no known text selection API is available."}, "type": "desc"}, {"attributes": {}, "type": "types", "children": [{"attributes": {"type": "String"}, "type": "entry"}, {"attributes": {"type": "null"}, "type": "entry"}]}]}]}, {"attributes": {"access": "internal", "isInternal": true, "line": 227, "isStatic": true, "name": "getSessionStorage"}, "type": "method", "children": [{"attributes": {"text": "<p>Whether the client supports session storage.</p>"}, "type": "desc"}, {"attributes": {}, "type": "return", "children": [{"attributes": {"text": "<code>true</code> if session storage is supported"}, "type": "desc"}, {"attributes": {}, "type": "types", "children": [{"attributes": {"type": "Boolean"}, "type": "entry"}]}]}]}, {"attributes": {"access": "internal", "isInternal": true, "line": 314, "isStatic": true, "name": "getSvg"}, "type": "method", "children": [{"attributes": {"text": "<p>Checks if <span class=\"caps\">SVG</span> could be used</p>"}, "type": "desc"}, {"attributes": {}, "type": "return", "children": [{"attributes": {"text": "<code>true</code> if SVG is supported."}, "type": "desc"}, {"attributes": {}, "type": "types", "children": [{"attributes": {"type": "Boolean"}, "type": "entry"}]}]}]}, {"attributes": {"access": "internal", "isInternal": true, "line": 414, "isStatic": true, "name": "getTextContent"}, "type": "method", "children": [{"attributes": {"text": "<p>Check for element.textContent. Legacy IEs do not support this, use\ninnerText instead.</p>"}, "type": "desc"}, {"attributes": {}, "type": "return", "children": [{"attributes": {"text": "<code>true</code> if textContent is supported"}, "type": "desc"}, {"attributes": {}, "type": "types", "children": [{"attributes": {"type": "Boolean"}, "type": "entry"}]}]}]}, {"attributes": {"access": "internal", "isInternal": true, "line": 250, "isStatic": true, "name": "getUserDataStorage"}, "type": "method", "children": [{"attributes": {"text": "<p>Whether the client supports user data to persist data. This is only\nrelevant for IE < 8.</p>"}, "type": "desc"}, {"attributes": {}, "type": "return", "children": [{"attributes": {"text": "<code>true</code> if the user data is supported."}, "type": "desc"}, {"attributes": {}, "type": "types", "children": [{"attributes": {"type": "Boolean"}, "type": "entry"}]}]}]}, {"attributes": {"access": "internal", "isInternal": true, "line": 152, "isStatic": true, "name": "getVideo"}, "type": "method", "children": [{"attributes": {"text": "<p>Whether the client supports video.</p>"}, "type": "desc"}, {"attributes": {}, "type": "return", "children": [{"attributes": {"text": "<code>true</code> if video is supported"}, "type": "desc"}, {"attributes": {}, "type": "types", "children": [{"attributes": {"type": "Boolean"}, "type": "entry"}]}]}]}, {"attributes": {"access": "internal", "isInternal": true, "line": 176, "isStatic": true, "name": "getVideoH264"}, "type": "method", "children": [{"attributes": {"text": "<p>Whether the client supports mp4 video.</p>"}, "type": "desc"}, {"attributes": {}, "type": "return", "children": [{"attributes": {"text": "<p>&#8221;&#8221; or &#8220;maybe&#8221; or &#8220;probably&#8221;</p>"}, "type": "desc"}, {"attributes": {}, "type": "types", "children": [{"attributes": {"type": "String"}, "type": "entry"}]}]}]}, {"attributes": {"access": "internal", "isInternal": true, "line": 162, "isStatic": true, "name": "getVideoOgg"}, "type": "method", "children": [{"attributes": {"text": "<p>Whether the client supports ogg video.</p>"}, "type": "desc"}, {"attributes": {}, "type": "return", "children": [{"attributes": {"text": "<p>&#8221;&#8221; or &#8220;maybe&#8221; or &#8220;probably&#8221;</p>"}, "type": "desc"}, {"attributes": {}, "type": "types", "children": [{"attributes": {"type": "String"}, "type": "entry"}]}]}]}, {"attributes": {"access": "internal", "isInternal": true, "line": 190, "isStatic": true, "name": "getVideoWebm"}, "type": "method", "children": [{"attributes": {"text": "<p>Whether the client supports webm video.</p>"}, "type": "desc"}, {"attributes": {}, "type": "return", "children": [{"attributes": {"text": "<p>&#8221;&#8221; or &#8220;maybe&#8221; or &#8220;probably&#8221;</p>"}, "type": "desc"}, {"attributes": {}, "type": "types", "children": [{"attributes": {"type": "String"}, "type": "entry"}]}]}]}, {"attributes": {"access": "internal", "isInternal": true, "line": 331, "isStatic": true, "name": "getVml"}, "type": "method", "children": [{"attributes": {"text": "<p>Checks if <span class=\"caps\">VML</span> is supported</p>"}, "type": "desc"}, {"attributes": {}, "type": "return", "children": [{"attributes": {"text": "<code>true</code> if VML is supported."}, "type": "desc"}, {"attributes": {}, "type": "types", "children": [{"attributes": {"type": "Boolean"}, "type": "entry"}]}]}]}, {"attributes": {"access": "internal", "isInternal": true, "line": 38, "isStatic": true, "name": "getWebWorker"}, "type": "method", "children": [{"attributes": {"text": "<p>Whether the client supports Web Workers.</p>"}, "type": "desc"}, {"attributes": {}, "type": "return", "children": [{"attributes": {"text": "<code>true</code> if webworkers are supported"}, "type": "desc"}, {"attributes": {}, "type": "types", "children": [{"attributes": {"type": "Boolean"}, "type": "entry"}]}]}]}, {"attributes": {"access": "internal", "isInternal": true, "line": 287, "isStatic": true, "name": "getXPath"}, "type": "method", "children": [{"attributes": {"text": "<p>Checks if XPath could be used.</p>"}, "type": "desc"}, {"attributes": {}, "type": "return", "children": [{"attributes": {"text": "<code>true</code> if xpath is supported."}, "type": "desc"}, {"attributes": {}, "type": "types", "children": [{"attributes": {"type": "Boolean"}, "type": "entry"}]}]}]}, {"attributes": {"access": "internal", "isInternal": true, "line": 298, "isStatic": true, "name": "getXul"}, "type": "method", "children": [{"attributes": {"text": "<p>Checks if <span class=\"caps\">XUL</span> could be used.</p>"}, "type": "desc"}, {"attributes": {}, "type": "return", "children": [{"attributes": {"text": "<code>true</code> if XUL is supported."}, "type": "desc"}, {"attributes": {}, "type": "types", "children": [{"attributes": {"type": "Boolean"}, "type": "entry"}]}]}]}]}]}