{"attributes": {"fullName": "qx.bom.Iframe", "packageName": "qx.bom", "isStatic": true, "type": "class", "name": "Iframe"}, "type": "class", "children": [{"attributes": {"text": "<p>Cross browser abstractions to work with iframes.</p>"}, "type": "desc"}, {"attributes": {}, "type": "constants", "children": [{"attributes": {"name": "DEFAULT_ATTRIBUTES"}, "type": "constant", "children": [{"attributes": {"text": "<p>Default attributes for creation {@link #create}.</p>"}, "type": "desc"}, {"attributes": {}, "type": "types", "children": [{"attributes": {"type": "Map"}, "type": "entry"}]}]}]}, {"attributes": {}, "type": "methods-static", "children": [{"attributes": {"access": "private", "line": 228, "isStatic": true, "name": "__rememberUrl"}, "type": "method", "children": [{"attributes": {}, "type": "params", "children": [{"attributes": {"name": "iframe"}, "type": "param", "children": [{"attributes": {"text": "<p><span class=\"caps\">DOM</span> element of the iframe.</p>"}, "type": "desc"}, {"attributes": {}, "type": "types", "children": [{"attributes": {"type": "Element"}, "type": "entry"}]}]}]}, {"attributes": {"text": "<p>Remember actual <span class=\"caps\">URL</span> of iframe.</p>"}, "type": "desc"}]}, {"attributes": {"line": 64, "isStatic": true, "name": "create"}, "type": "method", "children": [{"attributes": {}, "type": "params", "children": [{"attributes": {"defaultValue": "null", "optional": true, "name": "attributes"}, "type": "param", "children": [{"attributes": {"text": "<p>Map of attributes to apply</p>"}, "type": "desc"}, {"attributes": {}, "type": "types", "children": [{"attributes": {"type": "Map"}, "type": "entry"}]}]}, {"attributes": {"defaultValue": "null", "optional": true, "name": "win"}, "type": "param", "children": [{"attributes": {"text": "<p>Window to create the element for</p>"}, "type": "desc"}, {"attributes": {}, "type": "types", "children": [{"attributes": {"type": "Window"}, "type": "entry"}]}]}]}, {"attributes": {"text": "<p>Creates an <span class=\"caps\">DOM</span> element.</p>\n\n<p>Attributes may be given directly with this call. This is critical\nfor some attributes e.g. name, type, ... in many clients.</p>"}, "type": "desc"}, {"attributes": {}, "type": "return", "children": [{"attributes": {"text": "<p>The created iframe node</p>"}, "type": "desc"}, {"attributes": {}, "type": "types", "children": [{"attributes": {"type": "Element"}, "type": "entry"}]}]}]}, {"attributes": {"line": 129, "isStatic": true, "name": "getBody"}, "type": "method", "children": [{"attributes": {}, "type": "params", "children": [{"attributes": {"name": "iframe"}, "type": "param", "children": [{"attributes": {"text": "<p><span class=\"caps\">DOM</span> element of the iframe.</p>"}, "type": "desc"}, {"attributes": {}, "type": "types", "children": [{"attributes": {"type": "Element"}, "type": "entry"}]}]}]}, {"attributes": {"text": "<p>Get the <span class=\"caps\">HTML</span> body element of the iframe.</p>"}, "type": "desc"}, {"attributes": {}, "type": "return", "children": [{"attributes": {"text": "<p>The <span class=\"caps\">DOM</span> node of the <code>body</code> element of the iframe.</p>"}, "type": "desc"}, {"attributes": {}, "type": "types", "children": [{"attributes": {"type": "Element"}, "type": "entry"}]}]}]}, {"attributes": {"line": 104, "isStatic": true, "name": "getDocument"}, "type": "method", "children": [{"attributes": {}, "type": "params", "children": [{"attributes": {"name": "iframe"}, "type": "param", "children": [{"attributes": {"text": "<p><span class=\"caps\">DOM</span> element of the iframe.</p>"}, "type": "desc"}, {"attributes": {}, "type": "types", "children": [{"attributes": {"type": "Element"}, "type": "entry"}]}]}]}, {"attributes": {"text": "<p>Get the <span class=\"caps\">DOM</span> document object of an iframe.</p>"}, "type": "desc"}, {"attributes": {}, "type": "return", "children": [{"attributes": {"text": "<p>The <span class=\"caps\">DOM</span> document object of the iframe.</p>"}, "type": "desc"}, {"attributes": {}, "type": "types", "children": [{"attributes": {"type": "Document"}, "type": "entry"}]}]}]}, {"attributes": {"line": 88, "isStatic": true, "name": "getWindow"}, "type": "method", "children": [{"attributes": {}, "type": "params", "children": [{"attributes": {"name": "iframe"}, "type": "param", "children": [{"attributes": {"text": "<p><span class=\"caps\">DOM</span> element of the iframe.</p>"}, "type": "desc"}, {"attributes": {}, "type": "types", "children": [{"attributes": {"type": "Element"}, "type": "entry"}]}]}]}, {"attributes": {"text": "<p>Get the <span class=\"caps\">DOM</span> window object of an iframe.</p>"}, "type": "desc"}, {"attributes": {}, "type": "return", "children": [{"attributes": {"text": "<p>The <span class=\"caps\">DOM</span> window object of the iframe or null.</p>"}, "type": "desc"}, {"attributes": {}, "type": "types", "children": [{"attributes": {"type": "Window"}, "type": "entry"}]}]}]}, {"attributes": {"line": 207, "isStatic": true, "name": "queryCurrentUrl"}, "type": "method", "children": [{"attributes": {}, "type": "params", "children": [{"attributes": {"name": "iframe"}, "type": "param", "children": [{"attributes": {"text": "<p><span class=\"caps\">DOM</span> element of the iframe.</p>"}, "type": "desc"}, {"attributes": {}, "type": "types", "children": [{"attributes": {"type": "Element"}, "type": "entry"}]}]}]}, {"attributes": {"text": "<p>Returns the current (served) <span class=\"caps\">URL</span> inside the iframe</p>"}, "type": "desc"}, {"attributes": {}, "type": "return", "children": [{"attributes": {"text": "<p>Returns the location href or null (if a query is not possible/allowed)</p>"}, "type": "desc"}, {"attributes": {}, "type": "types", "children": [{"attributes": {"type": "String"}, "type": "entry"}]}]}]}, {"attributes": {"line": 150, "isStatic": true, "name": "setSource"}, "type": "method", "children": [{"attributes": {}, "type": "params", "children": [{"attributes": {"name": "iframe"}, "type": "param", "children": [{"attributes": {"text": "<p><span class=\"caps\">DOM</span> element of the iframe.</p>"}, "type": "desc"}, {"attributes": {}, "type": "types", "children": [{"attributes": {"type": "Element"}, "type": "entry"}]}]}, {"attributes": {"name": "source"}, "type": "param", "children": [{"attributes": {"text": "<p><span class=\"caps\">URL</span> to be set.</p>"}, "type": "desc"}, {"attributes": {}, "type": "types", "children": [{"attributes": {"type": "String"}, "type": "entry"}]}]}]}, {"attributes": {"text": "<p>Sets iframe&#8217;s source attribute to given value</p>"}, "type": "desc"}]}]}]}