{"attributes": {"fullName": "qx.bom.media.Audio", "packageName": "qx.bom.media", "type": "class", "name": "Audio", "superClass": "qx.bom.media.Abstract"}, "type": "class", "children": [{"attributes": {"text": "<p><span class=\"caps\">EXPERIMENTAL</span> &#8211; <span class=\"caps\">NOT</span> <span class=\"caps\">READY</span> <span class=\"caps\">FOR</span> <span class=\"caps\">PRODUCTION</span></p>\n\n<p>Media object for playing sounds.</p>"}, "type": "desc"}, {"attributes": {}, "type": "constructor", "children": [{"attributes": {"line": 34, "isCtor": true, "overriddenFrom": "qx.bom.media.Abstract", "name": "ctor"}, "type": "method", "children": [{"attributes": {}, "type": "params", "children": [{"attributes": {"name": "source"}, "type": "param", "children": [{"attributes": {"text": "<p>the source url to the sound file.</p>"}, "type": "desc"}, {"attributes": {}, "type": "types", "children": [{"attributes": {"type": "String"}, "type": "entry"}]}]}]}, {"attributes": {"text": ""}, "type": "desc"}]}]}]}