{"attributes": {"fullName": "qx.bom.element.Clip", "packageName": "qx.bom.element", "isStatic": true, "type": "bootstrap", "name": "Clip"}, "type": "class", "children": [{"attributes": {"text": "<p>Contains methods to control and query the element&#8217;s clip property</p>"}, "type": "desc"}, {"attributes": {}, "type": "methods-static", "children": [{"attributes": {"line": 45, "isStatic": true, "name": "compile"}, "type": "method", "children": [{"attributes": {}, "type": "params", "children": [{"attributes": {"name": "map"}, "type": "param", "children": [{"attributes": {"text": "<p>Map which contains <code>left</code>, <code>top</code> <code>width</code> and <code>height</code> of the clipped area.</p>"}, "type": "desc"}, {"attributes": {}, "type": "types", "children": [{"attributes": {"type": "Map"}, "type": "entry"}]}]}]}, {"attributes": {"text": "<p>Compiles the given clipping into a <span class=\"caps\">CSS</span> compatible string. This\nis a simple square which describes the visible area of an <span class=\"caps\">DOM</span> element.\nChanging the clipping does not change the dimensions of\nan element.</p>"}, "type": "desc"}, {"attributes": {}, "type": "return", "children": [{"attributes": {"text": "<p><span class=\"caps\">CSS</span> compatible string</p>"}, "type": "desc"}, {"attributes": {}, "type": "types", "children": [{"attributes": {"type": "String"}, "type": "entry"}]}]}]}, {"attributes": {"line": 95, "isStatic": true, "name": "get"}, "type": "method", "children": [{"attributes": {}, "type": "params", "children": [{"attributes": {"name": "element"}, "type": "param", "children": [{"attributes": {"text": "<p><span class=\"caps\">DOM</span> element to query</p>"}, "type": "desc"}, {"attributes": {}, "type": "types", "children": [{"attributes": {"type": "Element"}, "type": "entry"}]}]}, {"attributes": {"name": "mode"}, "type": "param", "children": [{"attributes": {"text": "<p>Choose one of the modes {@link qx.bom.element.Style#COMPUTED_MODE}, {@link qx.bom.element.Style#CASCADED_MODE}, {@link qx.bom.element.Style#LOCAL_MODE}. The computed mode is the default one.</p>"}, "type": "desc"}, {"attributes": {}, "type": "types", "children": [{"attributes": {"type": "Number"}, "type": "entry"}]}]}]}, {"attributes": {"text": "<p>Gets the clipping of the given element.</p>"}, "type": "desc"}, {"attributes": {}, "type": "return", "children": [{"attributes": {"text": "<p>Map which contains <code>left</code>, <code>top</code> <code>width</code> and <code>height</code> of the clipped area. Each one could be null or any integer value.</p>"}, "type": "desc"}, {"attributes": {}, "type": "types", "children": [{"attributes": {"type": "Map"}, "type": "entry"}]}]}]}, {"attributes": {"line": 247, "isStatic": true, "name": "reset"}, "type": "method", "children": [{"attributes": {}, "type": "params", "children": [{"attributes": {"name": "element"}, "type": "param", "children": [{"attributes": {"text": "<p><span class=\"caps\">DOM</span> element to modify</p>"}, "type": "desc"}, {"attributes": {}, "type": "types", "children": [{"attributes": {"type": "Element"}, "type": "entry"}]}]}]}, {"attributes": {"text": "<p>Resets the clipping of the given <span class=\"caps\">DOM</span> element.</p>"}, "type": "desc"}]}, {"attributes": {"line": 201, "isStatic": true, "name": "set"}, "type": "method", "children": [{"attributes": {}, "type": "params", "children": [{"attributes": {"name": "element"}, "type": "param", "children": [{"attributes": {"text": "<p><span class=\"caps\">DOM</span> element to modify</p>"}, "type": "desc"}, {"attributes": {}, "type": "types", "children": [{"attributes": {"type": "Element"}, "type": "entry"}]}]}, {"attributes": {"name": "map"}, "type": "param", "children": [{"attributes": {"text": "<p>A map with one or more of these available keys: <code>left</code>, <code>top</code>, <code>width</code>, <code>height</code>.</p>"}, "type": "desc"}, {"attributes": {}, "type": "types", "children": [{"attributes": {"type": "Map"}, "type": "entry"}]}]}]}, {"attributes": {"text": "<p>Sets the clipping of the given element. This is a simple\nsquare which describes the visible area of an <span class=\"caps\">DOM</span> element.\nChanging the clipping does not change the dimensions of\nan element.</p>"}, "type": "desc"}]}]}]}