{"attributes": {"fullName": "qx.bom.element.Opacity", "packageName": "qx.bom.element", "isStatic": true, "type": "bootstrap", "name": "Opacity"}, "type": "class", "children": [{"attributes": {"text": "<p>Cross-browser opacity support.</p>\n\n<p>Optimized for animations (contains workarounds for typical flickering\nin some browsers). Reduced class dependencies for optimal size and\nperformance.</p>"}, "type": "desc"}, {"attributes": {}, "type": "methods-static", "children": [{"attributes": {"line": 1, "isStatic": true, "name": "compile"}, "type": "method", "children": [{"attributes": {}, "type": "params", "children": [{"attributes": {"name": "opacity"}, "type": "param", "children": [{"attributes": {"text": "<p>A float number between 0 and 1</p>"}, "type": "desc"}, {"attributes": {}, "type": "types", "children": [{"attributes": {"type": "Float"}, "type": "entry"}]}]}]}, {"attributes": {"text": "<p>Compiles the given opacity value into a cross-browser <span class=\"caps\">CSS</span> string.\nAccepts numbers between zero and one\nwhere &#8220;0&#8221; means transparent, &#8220;1&#8221; means opaque.</p>"}, "type": "desc"}, {"attributes": {}, "type": "return", "children": [{"attributes": {"text": "<p><span class=\"caps\">CSS</span> compatible string</p>"}, "type": "desc"}, {"attributes": {}, "type": "types", "children": [{"attributes": {"type": "String"}, "type": "entry"}]}]}]}, {"attributes": {"line": 1, "isStatic": true, "name": "get"}, "type": "method", "children": [{"attributes": {}, "type": "params", "children": [{"attributes": {"name": "element"}, "type": "param", "children": [{"attributes": {"text": "<p><span class=\"caps\">DOM</span> element to modify</p>"}, "type": "desc"}, {"attributes": {}, "type": "types", "children": [{"attributes": {"type": "Element"}, "type": "entry"}]}]}, {"attributes": {"name": "mode"}, "type": "param", "children": [{"attributes": {"text": "<p>Choose one of the modes {@link qx.bom.element.Style#COMPUTED_MODE}, {@link qx.bom.element.Style#CASCADED_MODE}, {@link qx.bom.element.Style#LOCAL_MODE}. The computed mode is the default one.</p>"}, "type": "desc"}, {"attributes": {}, "type": "types", "children": [{"attributes": {"type": "Number"}, "type": "entry"}]}]}]}, {"attributes": {"text": "<p>Gets computed opacity of given element. Accepts numbers between zero and one\nwhere &#8220;0&#8221; means transparent, &#8220;1&#8221; means opaque.</p>"}, "type": "desc"}, {"attributes": {}, "type": "return", "children": [{"attributes": {"text": "<p>A float number between 0 and 1</p>"}, "type": "desc"}, {"attributes": {}, "type": "types", "children": [{"attributes": {"type": "Float"}, "type": "entry"}]}]}]}, {"attributes": {"line": 1, "isStatic": true, "name": "reset"}, "type": "method", "children": [{"attributes": {}, "type": "params", "children": [{"attributes": {"name": "element"}, "type": "param", "children": [{"attributes": {"text": "<p><span class=\"caps\">DOM</span> element to modify</p>"}, "type": "desc"}, {"attributes": {}, "type": "types", "children": [{"attributes": {"type": "Element"}, "type": "entry"}]}]}]}, {"attributes": {"text": "<p>Resets opacity of given element.</p>"}, "type": "desc"}]}, {"attributes": {"line": 1, "isStatic": true, "name": "set"}, "type": "method", "children": [{"attributes": {}, "type": "params", "children": [{"attributes": {"name": "element"}, "type": "param", "children": [{"attributes": {"text": "<p><span class=\"caps\">DOM</span> element to modify</p>"}, "type": "desc"}, {"attributes": {}, "type": "types", "children": [{"attributes": {"type": "Element"}, "type": "entry"}]}]}, {"attributes": {"name": "opacity"}, "type": "param", "children": [{"attributes": {"text": "<p>A float number between 0 and 1</p>"}, "type": "desc"}, {"attributes": {}, "type": "types", "children": [{"attributes": {"type": "Float"}, "type": "entry"}]}]}]}, {"attributes": {"text": "<p>Sets opacity of given element. Accepts numbers between zero and one\nwhere &#8220;0&#8221; means transparent, &#8220;1&#8221; means opaque.</p>"}, "type": "desc"}]}]}]}