{"attributes": {"isStatic": true, "name": "Locale", "isInternal": true, "packageName": "qx.bom.client", "access": "internal", "fullName": "qx.bom.client.Locale", "type": "bootstrap"}, "type": "class", "children": [{"attributes": {"text": "<p>This class comes with all relevant information regarding\nthe client&#8217;s selected locale.</p>\n\n<p>This class is used by {@link qx.core.Environment} and should not be used\ndirectly. Please check its class comment for details how to use it.</p>"}, "type": "desc"}, {"attributes": {}, "type": "methods-static", "children": [{"attributes": {"access": "private", "line": 83, "isStatic": true, "name": "__getNavigatorLocale"}, "type": "method", "children": [{"attributes": {"text": "<p>Internal helper for accessing the navigators language.</p>"}, "type": "desc"}, {"attributes": {}, "type": "return", "children": [{"attributes": {"text": "<p>The language set by the navigator.</p>"}, "type": "desc"}, {"attributes": {}, "type": "types", "children": [{"attributes": {"type": "String"}, "type": "entry"}]}]}]}, {"attributes": {"access": "internal", "isInternal": true, "line": 45, "isStatic": true, "name": "getLocale"}, "type": "method", "children": [{"attributes": {"text": "<p>The name of the system locale e.g. &#8220;de&#8221; when the full locale is &#8220;de_AT&#8221;</p>"}, "type": "desc"}, {"attributes": {}, "type": "return", "children": [{"attributes": {"text": "<p>The current locale</p>"}, "type": "desc"}, {"attributes": {}, "type": "types", "children": [{"attributes": {"type": "String"}, "type": "entry"}]}]}]}, {"attributes": {"access": "internal", "isInternal": true, "line": 64, "isStatic": true, "name": "getVariant"}, "type": "method", "children": [{"attributes": {"text": "<p>The name of the variant for the system locale e.g. &#8220;at&#8221; when the\nfull locale is &#8220;de_AT&#8221;</p>"}, "type": "desc"}, {"attributes": {}, "type": "return", "children": [{"attributes": {"text": "<p>The locales variant.</p>"}, "type": "desc"}, {"attributes": {}, "type": "types", "children": [{"attributes": {"type": "String"}, "type": "entry"}]}]}]}]}]}