{"attributes": {"isStatic": true, "name": "OperatingSystem", "isInternal": true, "packageName": "qx.bom.client", "access": "internal", "fullName": "qx.bom.client.OperatingSystem", "type": "bootstrap"}, "type": "class", "children": [{"attributes": {"text": "<p>This class is responsible for checking the operating systems name.</p>\n\n<p>This class is used by {@link qx.core.Environment} and should not be used\ndirectly. Please check its class comment for details how to use it.</p>"}, "type": "desc"}, {"attributes": {}, "type": "methods-static", "children": [{"attributes": {"access": "private", "line": 178, "isStatic": true, "name": "__getVersionForDesktopOs"}, "type": "method", "children": [{"attributes": {}, "type": "params", "children": [{"attributes": {"name": "userAgent"}, "type": "param", "children": [{"attributes": {"text": "<p>userAgent parameter, needed for detection.</p>"}, "type": "desc"}, {"attributes": {}, "type": "types", "children": [{"attributes": {"type": "String"}, "type": "entry"}]}]}]}, {"attributes": {"text": "<p>Detect OS version for desktop devices</p>"}, "type": "desc"}, {"attributes": {}, "type": "return", "children": [{"attributes": {"text": "<p>version number as string or null.</p>"}, "type": "desc"}, {"attributes": {}, "type": "types", "children": [{"attributes": {"type": "String"}, "type": "entry"}]}]}]}, {"attributes": {"access": "private", "line": 200, "isStatic": true, "name": "__getVersionForMobileOs"}, "type": "method", "children": [{"attributes": {}, "type": "params", "children": [{"attributes": {"name": "userAgent"}, "type": "param", "children": [{"attributes": {"text": "<p>userAgent parameter, needed for detection.</p>"}, "type": "desc"}, {"attributes": {}, "type": "types", "children": [{"attributes": {"type": "String"}, "type": "entry"}]}]}]}, {"attributes": {"text": "<p>Detect OS version for mobile devices</p>"}, "type": "desc"}, {"attributes": {}, "type": "return", "children": [{"attributes": {"text": "<p>version number as string or null.</p>"}, "type": "desc"}, {"attributes": {}, "type": "types", "children": [{"attributes": {"type": "String"}, "type": "entry"}]}]}]}, {"attributes": {"access": "internal", "isInternal": true, "line": 37, "isStatic": true, "name": "getName"}, "type": "method", "children": [{"attributes": {"text": "<p>Checks for the name of the operating system.</p>"}, "type": "desc"}, {"attributes": {}, "type": "return", "children": [{"attributes": {"text": "<p>The name of the operating system.</p>"}, "type": "desc"}, {"attributes": {}, "type": "types", "children": [{"attributes": {"type": "String"}, "type": "entry"}]}]}]}, {"attributes": {"access": "internal", "isInternal": true, "line": 158, "isStatic": true, "name": "getVersion"}, "type": "method", "children": [{"attributes": {"text": "<p>Checks for the version of the operating system using the internal map.</p>"}, "type": "desc"}, {"attributes": {}, "type": "return", "children": [{"attributes": {"text": "<p>The version as strin or an empty string if the version could not be detected.</p>"}, "type": "desc"}, {"attributes": {}, "type": "types", "children": [{"attributes": {"type": "String"}, "type": "entry"}]}]}]}]}, {"attributes": {}, "type": "constants", "children": [{"attributes": {"access": "private", "name": "__ids"}, "type": "constant", "children": [{"attributes": {"text": "<p>Maps user agent names to system IDs</p>"}, "type": "desc"}]}]}]}