{"attributes": {"fullName": "qx.bom.WebWorker", "packageName": "qx.bom", "type": "class", "name": "WebWorker", "superClass": "qx.core.Object"}, "type": "class", "children": [{"attributes": {"text": "<p><span class=\"caps\">EXPERIMENTAL</span> &#8211; <span class=\"caps\">NOT</span> <span class=\"caps\">READY</span> <span class=\"caps\">FOR</span> <span class=\"caps\">PRODUCTION</span></p>\n\n<p>Web Workers allows us to run JavaScript in parallel on a web page,\nwithout blocking the user interface. A &#8216;worker&#8217; is just another script\nfile that will be loaded and executed in the background.</p>\n\n<p>For more information see:\n<a href=\"http://www.w3.org/TR/workers/\">http://www.w3.org/TR/workers/</a></p>"}, "type": "desc"}, {"attributes": {}, "type": "constructor", "children": [{"attributes": {"line": 42, "isCtor": true, "overriddenFrom": "qx.core.Object", "name": "ctor"}, "type": "method", "children": [{"attributes": {}, "type": "params", "children": [{"attributes": {"name": "src"}, "type": "param", "children": [{"attributes": {"text": "<p>The path to worker as an <span class=\"caps\">URL</span></p>"}, "type": "desc"}, {"attributes": {}, "type": "types", "children": [{"attributes": {"type": "String"}, "type": "entry"}]}]}]}, {"attributes": {"text": "<p>Create a new instance.</p>"}, "type": "desc"}]}]}, {"attributes": {}, "type": "events", "children": [{"attributes": {"name": "error"}, "type": "event", "children": [{"attributes": {"text": "<p>Fired when an error occurs</p>"}, "type": "desc"}, {"attributes": {}, "type": "types", "children": [{"attributes": {"type": "qx.event.type.Data"}, "type": "entry"}]}]}, {"attributes": {"name": "message"}, "type": "event", "children": [{"attributes": {"text": "<p>Fired when worker sends a message</p>"}, "type": "desc"}, {"attributes": {}, "type": "types", "children": [{"attributes": {"type": "qx.event.type.Data"}, "type": "entry"}]}]}]}, {"attributes": {}, "type": "methods", "children": [{"attributes": {"access": "private", "line": 89, "name": "__initFake"}, "type": "method", "children": [{"attributes": {}, "type": "params", "children": [{"attributes": {"name": "src"}, "type": "param", "children": [{"attributes": {"text": "<p>The path to worker as an <span class=\"caps\">URL</span></p>"}, "type": "desc"}, {"attributes": {}, "type": "types", "children": [{"attributes": {"type": "String"}, "type": "entry"}]}]}]}, {"attributes": {"text": "<p>Initialize the fake worker</p>"}, "type": "desc"}]}, {"attributes": {"access": "private", "line": 75, "name": "__initNative"}, "type": "method", "children": [{"attributes": {}, "type": "params", "children": [{"attributes": {"name": "src"}, "type": "param", "children": [{"attributes": {"text": "<p>The path to worker as an <span class=\"caps\">URL</span></p>"}, "type": "desc"}, {"attributes": {}, "type": "types", "children": [{"attributes": {"type": "String"}, "type": "entry"}]}]}]}, {"attributes": {"text": "<p>Initialize the native worker</p>"}, "type": "desc"}]}, {"attributes": {"access": "protected", "line": 148, "name": "_handleError"}, "type": "method", "children": [{"attributes": {}, "type": "params", "children": [{"attributes": {"name": "e"}, "type": "param", "children": [{"attributes": {"text": "<p>error event</p>"}, "type": "desc"}, {"attributes": {}, "type": "types", "children": [{"attributes": {"type": "Event"}, "type": "entry"}]}]}]}, {"attributes": {"text": "<p>Error handler</p>"}, "type": "desc"}]}, {"attributes": {"access": "protected", "line": 139, "name": "_handleMessage"}, "type": "method", "children": [{"attributes": {}, "type": "params", "children": [{"attributes": {"name": "e"}, "type": "param", "children": [{"attributes": {"text": "<p>message event</p>"}, "type": "desc"}, {"attributes": {}, "type": "types", "children": [{"attributes": {"type": "Event"}, "type": "entry"}]}]}]}, {"attributes": {"text": "<p>Message handler</p>"}, "type": "desc"}]}, {"attributes": {"line": 118, "name": "postMessage"}, "type": "method", "children": [{"attributes": {}, "type": "params", "children": [{"attributes": {"name": "msg"}, "type": "param", "children": [{"attributes": {"text": "<p>the message</p>"}, "type": "desc"}, {"attributes": {}, "type": "types", "children": [{"attributes": {"type": "String"}, "type": "entry"}]}]}]}, {"attributes": {"text": "<p>Send a message to the worker.</p>"}, "type": "desc"}]}]}]}