{"attributes": {"packageName": "qx.bom.storage", "type": "bootstrap", "fullName": "qx.bom.storage.Web", "name": "Web"}, "type": "class", "children": [{"attributes": {"text": "<p>Storage implementation using <span class=\"caps\">HTML</span> web storage:\n<a href=\"http://www.w3.org/TR/webstorage/\">http://www.w3.org/TR/webstorage/</a></p>"}, "type": "desc"}, {"attributes": {}, "type": "constants", "children": [{"attributes": {"access": "private", "type": "Null", "name": "__local", "value": "null"}, "type": "constant"}, {"attributes": {"access": "private", "type": "Null", "name": "__session", "value": "null"}, "type": "constant"}]}, {"attributes": {}, "type": "methods-static", "children": [{"attributes": {"line": 41, "isStatic": true, "name": "getLocal"}, "type": "method", "children": [{"attributes": {"text": "<p>Static accessor for the local storage.</p>"}, "type": "desc"}, {"attributes": {}, "type": "return", "children": [{"attributes": {"text": "<p>An instance of a local storage.</p>"}, "type": "desc"}, {"attributes": {}, "type": "types", "children": [{"attributes": {"type": "qx.bom.storage.Web"}, "type": "entry"}]}]}]}, {"attributes": {"line": 53, "isStatic": true, "name": "getSession"}, "type": "method", "children": [{"attributes": {"text": "<p>Static accessor for the session storage.</p>"}, "type": "desc"}, {"attributes": {}, "type": "return", "children": [{"attributes": {"text": "<p>An instance of a session storage.</p>"}, "type": "desc"}, {"attributes": {}, "type": "types", "children": [{"attributes": {"type": "qx.bom.storage.Web"}, "type": "entry"}]}]}]}]}, {"attributes": {}, "type": "constructor", "children": [{"attributes": {"line": 69, "isCtor": true, "name": "ctor"}, "type": "method", "children": [{"attributes": {}, "type": "params", "children": [{"attributes": {"name": "type"}, "type": "param", "children": [{"attributes": {"text": "<p>type of storage, either <code>local</code> or <code>session</code>.</p>"}, "type": "desc"}, {"attributes": {}, "type": "types", "children": [{"attributes": {"type": "String"}, "type": "entry"}]}]}]}, {"attributes": {"text": "<p>Create a new instance. Usually, you should take the static\naccessors to get your instance.</p>"}, "type": "desc"}]}]}, {"attributes": {}, "type": "methods", "children": [{"attributes": {"line": 146, "name": "clear"}, "type": "method", "children": [{"attributes": {"text": "<p>Deletes every stored item in the storage.</p>"}, "type": "desc"}]}, {"attributes": {"line": 176, "name": "forEach"}, "type": "method", "children": [{"attributes": {}, "type": "params", "children": [{"attributes": {"name": "callback"}, "type": "param", "children": [{"attributes": {"text": "<p>A function which will be called for every item. The function will have two arguments, first the key and second the value of the stored data.</p>"}, "type": "desc"}, {"attributes": {}, "type": "types", "children": [{"attributes": {"type": "Function"}, "type": "entry"}]}]}, {"attributes": {"name": "scope"}, "type": "param", "children": [{"attributes": {"text": "<p>The scope of the function.</p>"}, "type": "desc"}, {"attributes": {}, "type": "types", "children": [{"attributes": {"type": "var"}, "type": "entry"}]}]}]}, {"attributes": {"text": "<p>Helper to access every stored item.</p>"}, "type": "desc"}]}, {"attributes": {"line": 120, "name": "getItem"}, "type": "method", "children": [{"attributes": {}, "type": "params", "children": [{"attributes": {"name": "key"}, "type": "param", "children": [{"attributes": {"text": "<p>The identifier to get the data.</p>"}, "type": "desc"}, {"attributes": {}, "type": "types", "children": [{"attributes": {"type": "String"}, "type": "entry"}]}]}]}, {"attributes": {"text": "<p>Returns the stored item.</p>"}, "type": "desc"}, {"attributes": {}, "type": "return", "children": [{"attributes": {"text": "<p>The stored data.</p>"}, "type": "desc"}, {"attributes": {}, "type": "types", "children": [{"attributes": {"type": "var"}, "type": "entry"}]}]}]}, {"attributes": {"line": 163, "name": "getKey"}, "type": "method", "children": [{"attributes": {}, "type": "params", "children": [{"attributes": {"name": "index"}, "type": "param", "children": [{"attributes": {"text": "<p>The index in the storage.</p>"}, "type": "desc"}, {"attributes": {}, "type": "types", "children": [{"attributes": {"type": "Integer"}, "type": "entry"}]}]}]}, {"attributes": {"text": "<p>Returns the named key at the given index.</p>"}, "type": "desc"}, {"attributes": {}, "type": "return", "children": [{"attributes": {"text": "<p>The key stored at the given index.</p>"}, "type": "desc"}, {"attributes": {}, "type": "types", "children": [{"attributes": {"type": "String"}, "type": "entry"}]}]}]}, {"attributes": {"line": 93, "name": "getLength"}, "type": "method", "children": [{"attributes": {"text": "<p>Returns the amount of key-value pairs stored.</p>"}, "type": "desc"}, {"attributes": {}, "type": "return", "children": [{"attributes": {"text": "<p>The length of the storage.</p>"}, "type": "desc"}, {"attributes": {}, "type": "types", "children": [{"attributes": {"type": "Integer"}, "type": "entry"}]}]}]}, {"attributes": {"access": "internal", "isInternal": true, "line": 84, "name": "getStorage"}, "type": "method", "children": [{"attributes": {"text": "<p>Returns the internal used storage (the native object).</p>"}, "type": "desc"}, {"attributes": {}, "type": "return", "children": [{"attributes": {"text": "<p>The native storage implementation.</p>"}, "type": "desc"}, {"attributes": {}, "type": "types", "children": [{"attributes": {"type": "Storage"}, "type": "entry"}]}]}]}, {"attributes": {"line": 138, "name": "removeItem"}, "type": "method", "children": [{"attributes": {}, "type": "params", "children": [{"attributes": {"name": "key"}, "type": "param", "children": [{"attributes": {"text": "<p>The identifier.</p>"}, "type": "desc"}, {"attributes": {}, "type": "types", "children": [{"attributes": {"type": "String"}, "type": "entry"}]}]}]}, {"attributes": {"text": "<p>Removes an item form the storage.</p>"}, "type": "desc"}]}, {"attributes": {"line": 104, "name": "setItem"}, "type": "method", "children": [{"attributes": {}, "type": "params", "children": [{"attributes": {"name": "key"}, "type": "param", "children": [{"attributes": {"text": "<p>The identifier key.</p>"}, "type": "desc"}, {"attributes": {}, "type": "types", "children": [{"attributes": {"type": "String"}, "type": "entry"}]}]}, {"attributes": {"name": "value"}, "type": "param", "children": [{"attributes": {"text": "<p>The data, which will be stored as <span class=\"caps\">JSON</span>.</p>"}, "type": "desc"}, {"attributes": {}, "type": "types", "children": [{"attributes": {"type": "var"}, "type": "entry"}]}]}]}, {"attributes": {"text": "<p>Store an item in the storage.</p>"}, "type": "desc"}]}]}]}