{"attributes": {"packageName": "qx.bom.request", "type": "interface", "fullName": "qx.bom.request.IRequest", "name": "IRequest"}, "type": "class", "children": [{"attributes": {"text": "<p>Interface of a low-level transport compatible with\n{@link qx.io.request.AbstractRequest}.</p>\n\n<p>Based on interface specified in\n<a href=\"http://www.w3.org/TR/XMLHttpRequest/\">XmlHttpRequest</a>. Also\nborrows some methods as described in\n<a href=\"http://www.w3.org/TR/XMLHttpRequest2/\">XmlHttpRequest2</a>.</p>"}, "type": "desc"}, {"attributes": {}, "type": "methods", "children": [{"attributes": {"line": 105, "name": "abort"}, "type": "method", "children": [{"attributes": {"text": "<p>Abort request</p>"}, "type": "desc"}]}, {"attributes": {"line": 112, "name": "getAllResponseHeaders"}, "type": "method", "children": [{"attributes": {"text": "<p>Get all response headers from response.</p>"}, "type": "desc"}, {"attributes": {}, "type": "return", "children": [{"attributes": {"text": "<p>All response headers.</p>"}, "type": "desc"}, {"attributes": {}, "type": "types", "children": [{"attributes": {"type": "String"}, "type": "entry"}]}]}]}, {"attributes": {"line": 122, "name": "getResponseHeader"}, "type": "method", "children": [{"attributes": {}, "type": "params", "children": [{"attributes": {"name": "header"}, "type": "param", "children": [{"attributes": {"text": "<p>Key of the header to get the value from.</p>"}, "type": "desc"}, {"attributes": {}, "type": "types", "children": [{"attributes": {"type": "String"}, "type": "entry"}]}]}]}, {"attributes": {"text": "<p>Get a single response header from response.</p>"}, "type": "desc"}, {"attributes": {}, "type": "return", "children": [{"attributes": {"text": "<p>Response header.</p>"}, "type": "desc"}, {"attributes": {}, "type": "types", "children": [{"attributes": {"type": "String"}, "type": "entry"}]}]}]}, {"attributes": {"line": 161, "name": "onabort"}, "type": "method", "children": [{"attributes": {"text": "<p>Event handler for event fired when request is aborted.</p>"}, "type": "desc"}]}, {"attributes": {"line": 156, "name": "onerror"}, "type": "method", "children": [{"attributes": {"text": "<p>Event handler for event fired on a network error.</p>"}, "type": "desc"}]}, {"attributes": {"line": 146, "name": "onload"}, "type": "method", "children": [{"attributes": {"text": "<p>Event handler for event fired on successful retrieval.</p>"}, "type": "desc"}]}, {"attributes": {"line": 151, "name": "onloadend"}, "type": "method", "children": [{"attributes": {"text": "<p>Event handler for event fired on retrieval.</p>"}, "type": "desc"}]}, {"attributes": {"line": 141, "name": "onreadystatechange"}, "type": "method", "children": [{"attributes": {"text": "<p>Event handler for event fired at every state change.</p>"}, "type": "desc"}]}, {"attributes": {"line": 166, "name": "ontimeout"}, "type": "method", "children": [{"attributes": {"text": "<p>Event handler for event fired when timeout interval has passed.</p>"}, "type": "desc"}]}, {"attributes": {"line": 92, "name": "open"}, "type": "method", "children": [{"attributes": {}, "type": "params", "children": [{"attributes": {"name": "method"}, "type": "param", "children": [{"attributes": {"text": "<p>The method to use.</p>"}, "type": "desc"}, {"attributes": {}, "type": "types", "children": [{"attributes": {"type": "String"}, "type": "entry"}]}]}, {"attributes": {"name": "url"}, "type": "param", "children": [{"attributes": {"text": "<p>The <span class=\"caps\">URL</span> to which to send the request.</p>"}, "type": "desc"}, {"attributes": {}, "type": "types", "children": [{"attributes": {"type": "String"}, "type": "entry"}]}]}, {"attributes": {"defaultValue": "true", "optional": true, "name": "async"}, "type": "param", "children": [{"attributes": {"text": "<p>Whether or not to perform the operation asynchronously.</p>"}, "type": "desc"}, {"attributes": {}, "type": "types", "children": [{"attributes": {"type": "Boolean"}, "type": "entry"}]}]}]}, {"attributes": {"text": "<p>Initializes (prepares) request.</p>"}, "type": "desc"}]}, {"attributes": {"line": 100, "name": "send"}, "type": "method", "children": [{"attributes": {}, "type": "params", "children": [{"attributes": {"defaultValue": "null", "optional": true, "name": "data"}, "type": "param", "children": [{"attributes": {"text": "<p>Optional data to send.</p>"}, "type": "desc"}, {"attributes": {}, "type": "types", "children": [{"attributes": {"type": "String"}, "type": "entry"}, {"attributes": {"type": "Document"}, "type": "entry"}]}]}]}, {"attributes": {"text": "<p>Sends request.</p>"}, "type": "desc"}]}, {"attributes": {"line": 132, "name": "setRequestHeader"}, "type": "method", "children": [{"attributes": {}, "type": "params", "children": [{"attributes": {"name": "key"}, "type": "param", "children": [{"attributes": {"text": "<p>The name of the header whose value is to be set.</p>"}, "type": "desc"}, {"attributes": {}, "type": "types", "children": [{"attributes": {"type": "String"}, "type": "entry"}]}]}, {"attributes": {"name": "value"}, "type": "param", "children": [{"attributes": {"text": "<p>The value to set as the body of the header.</p>"}, "type": "desc"}, {"attributes": {}, "type": "types", "children": [{"attributes": {"type": "String"}, "type": "entry"}]}]}]}, {"attributes": {"text": "<p>Sets a request header to be used by the request.</p>"}, "type": "desc"}]}]}]}