{"attributes": {"isAbstract": true, "name": "Abstract", "packageName": "qx.bom.media", "superClass": "qx.core.Object", "childClasses": "qx.bom.media.Audio,qx.bom.media.Video", "fullName": "qx.bom.media.Abstract", "type": "class"}, "type": "class", "children": [{"attributes": {"text": "<p><span class=\"caps\">EXPERIMENTAL</span> &#8211; <span class=\"caps\">NOT</span> <span class=\"caps\">READY</span> <span class=\"caps\">FOR</span> <span class=\"caps\">PRODUCTION</span></p>\n\n<p>Media element. Other media types can derive from this class.</p>"}, "type": "desc"}, {"attributes": {}, "type": "constructor", "children": [{"attributes": {"line": 36, "isCtor": true, "overriddenFrom": "qx.core.Object", "name": "ctor"}, "type": "method", "children": [{"attributes": {}, "type": "params", "children": [{"attributes": {"name": "media"}, "type": "param", "children": [{"attributes": {"text": "<p>the media element.</p>"}, "type": "desc"}, {"attributes": {}, "type": "types", "children": [{"attributes": {"type": "var"}, "type": "entry"}]}]}]}, {"attributes": {"text": ""}, "type": "desc"}]}]}, {"attributes": {}, "type": "events", "children": [{"attributes": {"name": "ended"}, "type": "event", "children": [{"attributes": {"text": "<p>Fired when the media has finished to play</p>"}, "type": "desc"}, {"attributes": {}, "type": "types", "children": [{"attributes": {"type": "qx.event.type.Event"}, "type": "entry"}]}]}, {"attributes": {"name": "loadeddata"}, "type": "event", "children": [{"attributes": {"text": "<p>Fired when the media is laoded enough to start play</p>"}, "type": "desc"}, {"attributes": {}, "type": "types", "children": [{"attributes": {"type": "qx.event.type.Event"}, "type": "entry"}]}]}, {"attributes": {"name": "loadedmetadata"}, "type": "event", "children": [{"attributes": {"text": "<p>Fired when the media is laoded enough to start play</p>"}, "type": "desc"}, {"attributes": {}, "type": "types", "children": [{"attributes": {"type": "qx.event.type.Event"}, "type": "entry"}]}]}, {"attributes": {"name": "pause"}, "type": "event", "children": [{"attributes": {"text": "<p>Fired when the media is paused</p>"}, "type": "desc"}, {"attributes": {}, "type": "types", "children": [{"attributes": {"type": "qx.event.type.Event"}, "type": "entry"}]}]}, {"attributes": {"name": "play"}, "type": "event", "children": [{"attributes": {"text": "<p>Fired when the media starts to play</p>"}, "type": "desc"}, {"attributes": {}, "type": "types", "children": [{"attributes": {"type": "qx.event.type.Event"}, "type": "entry"}]}]}, {"attributes": {"name": "timeupdate"}, "type": "event", "children": [{"attributes": {"text": "<p>Fired when the current time of the media has changed</p>"}, "type": "desc"}, {"attributes": {}, "type": "types", "children": [{"attributes": {"type": "qx.event.type.Event"}, "type": "entry"}]}]}, {"attributes": {"name": "volumechange"}, "type": "event", "children": [{"attributes": {"text": "<p>Fired when the volume property is changed</p>"}, "type": "desc"}, {"attributes": {}, "type": "types", "children": [{"attributes": {"type": "qx.event.type.Event"}, "type": "entry"}]}]}]}, {"attributes": {}, "type": "methods", "children": [{"attributes": {"access": "protected", "line": 441, "name": "_handleEndedEvent"}, "type": "method", "children": [{"attributes": {"text": "<p>Ended event handler.</p>"}, "type": "desc"}]}, {"attributes": {"access": "protected", "line": 458, "name": "_handleLoadedDataEvent"}, "type": "method", "children": [{"attributes": {"text": "<p>Loaded Data event handler.</p>"}, "type": "desc"}]}, {"attributes": {"access": "protected", "line": 466, "name": "_handleLoadedMetaDataEvent"}, "type": "method", "children": [{"attributes": {"text": "<p>Loaded Metadata event handler.</p>"}, "type": "desc"}]}, {"attributes": {"access": "protected", "line": 423, "name": "_handlePauseEvent"}, "type": "method", "children": [{"attributes": {"text": "<p>Pause event handler.</p>"}, "type": "desc"}]}, {"attributes": {"access": "protected", "line": 414, "name": "_handlePlayEvent"}, "type": "method", "children": [{"attributes": {"text": "<p>Play event handler.</p>"}, "type": "desc"}]}, {"attributes": {"access": "protected", "line": 432, "name": "_handleTimeUpdateEvent"}, "type": "method", "children": [{"attributes": {"text": "<p>Time Update event handler.</p>"}, "type": "desc"}]}, {"attributes": {"access": "protected", "line": 450, "name": "_handleVolumeChangeEvent"}, "type": "method", "children": [{"attributes": {"text": "<p>Volume Change event handler.</p>"}, "type": "desc"}]}, {"attributes": {"line": 188, "name": "canPlayType"}, "type": "method", "children": [{"attributes": {}, "type": "params", "children": [{"attributes": {"name": "type"}, "type": "param", "children": [{"attributes": {"text": "<p>the file format</p>"}, "type": "desc"}, {"attributes": {}, "type": "types", "children": [{"attributes": {"type": "String"}, "type": "entry"}]}]}]}, {"attributes": {"text": "<p>Whether the browser can play the file format.</p>"}, "type": "desc"}, {"attributes": {}, "type": "return", "children": [{"attributes": {"text": ""}, "type": "desc"}, {"attributes": {}, "type": "types", "children": [{"attributes": {"type": "Boolean"}, "type": "entry"}]}]}]}, {"attributes": {"line": 339, "name": "getAutoplay"}, "type": "method", "children": [{"attributes": {"text": "<p>Whether the media is played directly when it is loaded / the page is loaded.</p>"}, "type": "desc"}, {"attributes": {}, "type": "return", "children": [{"attributes": {"text": "<p>if autoplay is on or not</p>"}, "type": "desc"}, {"attributes": {}, "type": "types", "children": [{"attributes": {"type": "Boolean"}, "type": "entry"}]}]}]}, {"attributes": {"line": 267, "name": "getCurrentTime"}, "type": "method", "children": [{"attributes": {"text": "<p>Gets current time of the playback.</p>"}, "type": "desc"}, {"attributes": {}, "type": "return", "children": [{"attributes": {"text": "<p>the current time</p>"}, "type": "desc"}, {"attributes": {}, "type": "types", "children": [{"attributes": {"type": "Number"}, "type": "entry"}]}]}]}, {"attributes": {"line": 245, "name": "getDuration"}, "type": "method", "children": [{"attributes": {"text": "<p>Gets the duration of the loaded media file.</p>"}, "type": "desc"}, {"attributes": {}, "type": "return", "children": [{"attributes": {"text": "<p>the duration</p>"}, "type": "desc"}, {"attributes": {}, "type": "types", "children": [{"attributes": {"type": "Number"}, "type": "entry"}]}]}]}, {"attributes": {"line": 176, "name": "getId"}, "type": "method", "children": [{"attributes": {"text": "<p>Gets the id of the media.</p>"}, "type": "desc"}, {"attributes": {}, "type": "return", "children": [{"attributes": {"text": "<p>the id of the media element</p>"}, "type": "desc"}, {"attributes": {}, "type": "types", "children": [{"attributes": {"type": "String"}, "type": "entry"}]}]}]}, {"attributes": {"line": 112, "name": "getMediaObject"}, "type": "method", "children": [{"attributes": {"text": "<p>Returns the media object, so that you can add it to the <span class=\"caps\">DOM</span>.</p>"}, "type": "desc"}, {"attributes": {}, "type": "return", "children": [{"attributes": {"text": "<p>the native media object</p>"}, "type": "desc"}, {"attributes": {}, "type": "types", "children": [{"attributes": {"type": "Object"}, "type": "entry"}]}]}]}, {"attributes": {"line": 374, "name": "getPreload"}, "type": "method", "children": [{"attributes": {"text": "<p>Returns how much buffering the media resource will likely need.</p>"}, "type": "desc"}, {"attributes": {}, "type": "return", "children": [{"attributes": {"text": "<p>hint how much buffering the media resource needs</p>"}, "type": "desc"}, {"attributes": {}, "type": "types", "children": [{"attributes": {"type": "String"}, "type": "entry"}]}]}]}, {"attributes": {"line": 288, "name": "getSource"}, "type": "method", "children": [{"attributes": {"text": "<p>Gets the source url of the media file.</p>"}, "type": "desc"}, {"attributes": {}, "type": "return", "children": [{"attributes": {"text": "<p>the source url to the media file.</p>"}, "type": "desc"}, {"attributes": {}, "type": "types", "children": [{"attributes": {"type": "String"}, "type": "entry"}]}]}]}, {"attributes": {"line": 212, "name": "getVolume"}, "type": "method", "children": [{"attributes": {"text": "<p>Gets the current playback volume, as a number in the range 0.0 to 1.0,\nwhere 0.0 is the quietest and 1.0 the loudest.</p>"}, "type": "desc"}, {"attributes": {}, "type": "return", "children": [{"attributes": {"text": "<p>0.0 &#8211; 1.0</p>"}, "type": "desc"}, {"attributes": {}, "type": "types", "children": [{"attributes": {"type": "Number"}, "type": "entry"}]}]}]}, {"attributes": {"line": 299, "name": "hasControls"}, "type": "method", "children": [{"attributes": {"text": "<p>Checks if the media element shows its controls.</p>"}, "type": "desc"}, {"attributes": {}, "type": "return", "children": [{"attributes": {"text": ""}, "type": "desc"}, {"attributes": {}, "type": "types", "children": [{"attributes": {"type": "Boolean"}, "type": "entry"}]}]}]}, {"attributes": {"line": 317, "name": "hideControls"}, "type": "method", "children": [{"attributes": {"text": "<p>Hides the controls of the media element.</p>"}, "type": "desc"}]}, {"attributes": {"line": 155, "name": "isEnded"}, "type": "method", "children": [{"attributes": {"text": "<p>Checks if the media is ended or not.</p>"}, "type": "desc"}, {"attributes": {}, "type": "return", "children": [{"attributes": {"text": ""}, "type": "desc"}, {"attributes": {}, "type": "types", "children": [{"attributes": {"type": "Boolean"}, "type": "entry"}]}]}]}, {"attributes": {"line": 405, "name": "isLoop"}, "type": "method", "children": [{"attributes": {"text": "<p>Whether the media element is to seek back to the start of the media resource upon reaching the end.</p>"}, "type": "desc"}, {"attributes": {}, "type": "return", "children": [{"attributes": {"text": "<p>if loop is on or not</p>"}, "type": "desc"}, {"attributes": {}, "type": "types", "children": [{"attributes": {"type": "Boolean"}, "type": "entry"}]}]}]}, {"attributes": {"line": 234, "name": "isMuted"}, "type": "method", "children": [{"attributes": {"text": "<p>Checks if the media element is muted or not</p>"}, "type": "desc"}, {"attributes": {}, "type": "return", "children": [{"attributes": {"text": ""}, "type": "desc"}, {"attributes": {}, "type": "types", "children": [{"attributes": {"type": "Boolean"}, "type": "entry"}]}]}]}, {"attributes": {"line": 144, "name": "isPaused"}, "type": "method", "children": [{"attributes": {"text": "<p>Checks if the media is paused or not.</p>"}, "type": "desc"}, {"attributes": {}, "type": "return", "children": [{"attributes": {"text": ""}, "type": "desc"}, {"attributes": {}, "type": "types", "children": [{"attributes": {"type": "Boolean"}, "type": "entry"}]}]}]}, {"attributes": {"line": 133, "name": "pause"}, "type": "method", "children": [{"attributes": {"text": "<p>Pauses playback of the media.</p>"}, "type": "desc"}]}, {"attributes": {"line": 121, "name": "play"}, "type": "method", "children": [{"attributes": {"text": "<p>Starts playback of the media.</p>"}, "type": "desc"}]}, {"attributes": {"line": 328, "name": "setAutoplay"}, "type": "method", "children": [{"attributes": {}, "type": "params", "children": [{"attributes": {"name": "autoplay"}, "type": "param", "children": [{"attributes": {"text": "<p>To autoplay or not</p>"}, "type": "desc"}, {"attributes": {}, "type": "types", "children": [{"attributes": {"type": "Boolean"}, "type": "entry"}]}]}]}, {"attributes": {"text": "<p>Plays the media directly when it is loaded / the page is loaded.</p>"}, "type": "desc"}]}, {"attributes": {"line": 256, "name": "setCurrentTime"}, "type": "method", "children": [{"attributes": {}, "type": "params", "children": [{"attributes": {"name": "value"}, "type": "param", "children": [{"attributes": {"text": "<p>the new value of current time</p>"}, "type": "desc"}, {"attributes": {}, "type": "types", "children": [{"attributes": {"type": "Number"}, "type": "entry"}]}]}]}, {"attributes": {"text": "<p>Sets the value of current time.</p>"}, "type": "desc"}]}, {"attributes": {"line": 166, "name": "setId"}, "type": "method", "children": [{"attributes": {}, "type": "params", "children": [{"attributes": {"name": "id"}, "type": "param", "children": [{"attributes": {"text": "<p>The new value of id</p>"}, "type": "desc"}, {"attributes": {}, "type": "types", "children": [{"attributes": {"type": "String"}, "type": "entry"}]}]}]}, {"attributes": {"text": "<p>Sets the id of the media.</p>"}, "type": "desc"}]}, {"attributes": {"line": 385, "name": "setLoop"}, "type": "method", "children": [{"attributes": {}, "type": "params", "children": [{"attributes": {"name": "value"}, "type": "param", "children": [{"attributes": {"text": "<p>To loop or not.</p>"}, "type": "desc"}, {"attributes": {}, "type": "types", "children": [{"attributes": {"type": "Boolean"}, "type": "entry"}]}]}]}, {"attributes": {"text": "<p>Indicates that the media element is to seek back to the start of the media resource upon reaching the end.</p>"}, "type": "desc"}]}, {"attributes": {"line": 223, "name": "setMuted"}, "type": "method", "children": [{"attributes": {}, "type": "params", "children": [{"attributes": {"name": "muted"}, "type": "param", "children": [{"attributes": {"text": "<p>new value for mute</p>"}, "type": "desc"}, {"attributes": {}, "type": "types", "children": [{"attributes": {"type": "Boolean"}, "type": "entry"}]}]}]}, {"attributes": {"text": "<p>Sets the media element to mute.</p>"}, "type": "desc"}]}, {"attributes": {"line": 358, "name": "setPreload"}, "type": "method", "children": [{"attributes": {}, "type": "params", "children": [{"attributes": {"name": "preload"}, "type": "param", "children": [{"attributes": {"text": "<p>One of the following values: &#8220;none&#8221;: Hints to the user agent that either the author does not expect the user to need the media resource, or that the server wants to minimise unnecessary traffic. &#8220;metadata&#8221;: Hints to the user agent that the author does not expect the user to need the media resource, but that fetching the resource metadata (dimensions, first frame, track list, duration, etc) is reasonable. &#8220;auto&#8221;: Hints to the user agent that the user agent can put the user&#8217;s needs first without risk to the server, up to and including optimistically downloading the entire resource.</p>"}, "type": "desc"}, {"attributes": {}, "type": "types", "children": [{"attributes": {"type": "String"}, "type": "entry"}]}]}]}, {"attributes": {"text": "<p>Hints how much buffering the media resource will likely need.</p>"}, "type": "desc"}]}, {"attributes": {"line": 277, "name": "setSource"}, "type": "method", "children": [{"attributes": {}, "type": "params", "children": [{"attributes": {"name": "source"}, "type": "param", "children": [{"attributes": {"text": "<p>the source url to the media file.</p>"}, "type": "desc"}, {"attributes": {}, "type": "types", "children": [{"attributes": {"type": "String"}, "type": "entry"}]}]}]}, {"attributes": {"text": "<p>Sets the source url of the media file.</p>"}, "type": "desc"}]}, {"attributes": {"line": 200, "name": "setVolume"}, "type": "method", "children": [{"attributes": {}, "type": "params", "children": [{"attributes": {"name": "volume"}, "type": "param", "children": [{"attributes": {"text": "<p>0.0 &#8211; 1.0</p>"}, "type": "desc"}, {"attributes": {}, "type": "types", "children": [{"attributes": {"type": "Number"}, "type": "entry"}]}]}]}, {"attributes": {"text": "<p>Sets the current playback volume, as a number in the range 0.0 to 1.0,\nwhere 0.0 is the quietest and 1.0 the loudest.</p>"}, "type": "desc"}]}, {"attributes": {"line": 308, "name": "showControls"}, "type": "method", "children": [{"attributes": {"text": "<p>Shows the controls of the media element.</p>"}, "type": "desc"}]}]}]}