{"attributes": {"fullName": "qx.bom.Label", "packageName": "qx.bom", "isStatic": true, "type": "bootstrap", "name": "Label"}, "type": "class", "children": [{"attributes": {"text": "<p>Cross browser abstractions to work with labels.</p>"}, "type": "desc"}, {"attributes": {}, "type": "constants", "children": [{"attributes": {"access": "private", "name": "__styles"}, "type": "constant", "children": [{"attributes": {"text": "<p>Contains all supported styles</p>"}, "type": "desc"}, {"attributes": {}, "type": "types", "children": [{"attributes": {"type": "Map"}, "type": "entry"}]}]}]}, {"attributes": {}, "type": "methods-static", "children": [{"attributes": {"access": "private", "line": 79, "isStatic": true, "name": "__createMeasureElement"}, "type": "method", "children": [{"attributes": {}, "type": "params", "children": [{"attributes": {"defaultValue": "false", "optional": true, "name": "html"}, "type": "param", "children": [{"attributes": {"text": "<p>Whether <span class=\"caps\">HTML</span> markup should be used.</p>"}, "type": "desc"}, {"attributes": {}, "type": "types", "children": [{"attributes": {"type": "Boolean"}, "type": "entry"}]}]}]}, {"attributes": {"text": "<p>Creates the measure element</p>"}, "type": "desc"}, {"attributes": {}, "type": "return", "children": [{"attributes": {"text": "<p>The measure element</p>"}, "type": "desc"}, {"attributes": {}, "type": "types", "children": [{"attributes": {"type": "Element"}, "type": "entry"}]}]}]}, {"attributes": {"access": "private", "line": 130, "isStatic": true, "name": "__getStyles"}, "type": "method", "children": [{"attributes": {}, "type": "params", "children": [{"attributes": {"defaultValue": "false", "optional": true, "name": "html"}, "type": "param", "children": [{"attributes": {"text": "<p>Whether <span class=\"caps\">HTML</span> markup should be used.</p>"}, "type": "desc"}, {"attributes": {}, "type": "types", "children": [{"attributes": {"type": "Boolean"}, "type": "entry"}]}]}]}, {"attributes": {"text": "<p>Returns a map of all styles which should be applied as\na basic set.</p>"}, "type": "desc"}, {"attributes": {}, "type": "return", "children": [{"attributes": {"text": "<p>Initial styles which should be applied to a label element.</p>"}, "type": "desc"}, {"attributes": {}, "type": "types", "children": [{"attributes": {"type": "Map"}, "type": "entry"}]}]}]}, {"attributes": {"access": "private", "line": 319, "isStatic": true, "name": "__measureSize"}, "type": "method", "children": [{"attributes": {}, "type": "params", "children": [{"attributes": {"name": "element"}, "type": "param", "children": [{"attributes": {"text": "<p>The element to measure</p>"}, "type": "desc"}, {"attributes": {}, "type": "types", "children": [{"attributes": {"type": "Element"}, "type": "entry"}]}]}, {"attributes": {"defaultValue": "null", "optional": true, "name": "styles"}, "type": "param", "children": [{"attributes": {"text": "<p>Optional styles to apply</p>"}, "type": "desc"}, {"attributes": {}, "type": "types", "children": [{"attributes": {"type": "Map"}, "type": "entry"}]}]}]}, {"attributes": {"text": "<p>Measure the size of the given element</p>"}, "type": "desc"}, {"attributes": {}, "type": "return", "children": [{"attributes": {"text": "<p>A map with preferred <code>width</code> and <code>height</code>.</p>"}, "type": "desc"}, {"attributes": {}, "type": "types", "children": [{"attributes": {"type": "Map"}, "type": "entry"}]}]}]}, {"attributes": {"access": "private", "line": 64, "isStatic": true, "name": "__prepareHtml"}, "type": "method", "children": [{"attributes": {"text": "<p>Generates the helper <span class=\"caps\">DOM</span> element for <span class=\"caps\">HTML</span> measuring</p>"}, "type": "desc"}, {"attributes": {}, "type": "return", "children": [{"attributes": {"text": "<p>Helper <span class=\"caps\">DOM</span> element</p>"}, "type": "desc"}, {"attributes": {}, "type": "types", "children": [{"attributes": {"type": "Element"}, "type": "entry"}]}]}]}, {"attributes": {"access": "private", "line": 50, "isStatic": true, "name": "__prepareText"}, "type": "method", "children": [{"attributes": {"text": "<p>Generates the helper <span class=\"caps\">DOM</span> element for text measuring</p>"}, "type": "desc"}, {"attributes": {}, "type": "return", "children": [{"attributes": {"text": "<p>Helper <span class=\"caps\">DOM</span> element</p>"}, "type": "desc"}, {"attributes": {}, "type": "types", "children": [{"attributes": {"type": "Element"}, "type": "entry"}]}]}]}, {"attributes": {"line": 172, "isStatic": true, "name": "create"}, "type": "method", "children": [{"attributes": {}, "type": "params", "children": [{"attributes": {"name": "content"}, "type": "param", "children": [{"attributes": {"text": "<p>Content of the label</p>"}, "type": "desc"}, {"attributes": {}, "type": "types", "children": [{"attributes": {"type": "String"}, "type": "entry"}]}]}, {"attributes": {"defaultValue": "false", "optional": true, "name": "html"}, "type": "param", "children": [{"attributes": {"text": "<p>Whether <span class=\"caps\">HTML</span> markup should be used.</p>"}, "type": "desc"}, {"attributes": {}, "type": "types", "children": [{"attributes": {"type": "Boolean"}, "type": "entry"}]}]}, {"attributes": {"defaultValue": "null", "optional": true, "name": "win"}, "type": "param", "children": [{"attributes": {"text": "<p>Window to create the element for</p>"}, "type": "desc"}, {"attributes": {}, "type": "types", "children": [{"attributes": {"type": "Window"}, "type": "entry"}]}]}]}, {"attributes": {"text": "<p>Creates a label.</p>\n\n<p>The default mode is &#8216;text&#8217; which means that the overlapping text is cut off\nusing ellipsis automatically. Text wrapping is disabled in this mode\nas well. Spaces are normalized. Umlauts and other special symbols are only\nallowed in unicode mode as normal characters.</p>\n\n<p>In the <span class=\"caps\">HTML</span> mode you can insert any <span class=\"caps\">HTML</span>, but loose the capability to cut\nof overlapping text. Automatic text wrapping is enabled by default.</p>\n\n<p>It is not possible to modify the mode afterwards.</p>"}, "type": "desc"}, {"attributes": {}, "type": "return", "children": [{"attributes": {"text": "<p>The created iframe node</p>"}, "type": "desc"}, {"attributes": {}, "type": "types", "children": [{"attributes": {"type": "Element"}, "type": "entry"}]}]}]}, {"attributes": {"line": 276, "isStatic": true, "name": "getHtmlSize"}, "type": "method", "children": [{"attributes": {}, "type": "params", "children": [{"attributes": {"name": "content"}, "type": "param", "children": [{"attributes": {"text": "<p>The <span class=\"caps\">HTML</span> markup to measure</p>"}, "type": "desc"}, {"attributes": {}, "type": "types", "children": [{"attributes": {"type": "String"}, "type": "entry"}]}]}, {"attributes": {"defaultValue": "null", "optional": true, "name": "styles"}, "type": "param", "children": [{"attributes": {"text": "<p>Optional styles to apply</p>"}, "type": "desc"}, {"attributes": {}, "type": "types", "children": [{"attributes": {"type": "Map"}, "type": "entry"}]}]}, {"attributes": {"name": "width"}, "type": "param", "children": [{"attributes": {"text": "<p>To support width for height it is possible to limit the width</p>"}, "type": "desc"}, {"attributes": {}, "type": "types", "children": [{"attributes": {"type": "Integer"}, "type": "entry"}]}]}]}, {"attributes": {"text": "<p>Returns the preferred dimensions of the given <span class=\"caps\">HTML</span> content.</p>"}, "type": "desc"}, {"attributes": {}, "type": "return", "children": [{"attributes": {"text": "<p>A map with preferred <code>width</code> and <code>height</code>.</p>"}, "type": "desc"}, {"attributes": {}, "type": "types", "children": [{"attributes": {"type": "Map"}, "type": "entry"}]}]}]}, {"attributes": {"line": 296, "isStatic": true, "name": "getTextSize"}, "type": "method", "children": [{"attributes": {}, "type": "params", "children": [{"attributes": {"name": "text"}, "type": "param", "children": [{"attributes": {"text": "<p>The text to measure</p>"}, "type": "desc"}, {"attributes": {}, "type": "types", "children": [{"attributes": {"type": "String"}, "type": "entry"}]}]}, {"attributes": {"name": "styles"}, "type": "param", "children": [{"attributes": {"text": "<p>Optional styles to apply</p>"}, "type": "desc"}, {"attributes": {}, "type": "types", "children": [{"attributes": {"type": "Map"}, "type": "entry"}]}]}]}, {"attributes": {"text": "<p>Returns the preferred dimensions of the given text.</p>"}, "type": "desc"}, {"attributes": {}, "type": "return", "children": [{"attributes": {"text": "<p>A map with preferred <code>width</code> and <code>height</code>.</p>"}, "type": "desc"}, {"attributes": {}, "type": "types", "children": [{"attributes": {"type": "Map"}, "type": "entry"}]}]}]}, {"attributes": {"line": 254, "isStatic": true, "name": "getValue"}, "type": "method", "children": [{"attributes": {}, "type": "params", "children": [{"attributes": {"name": "element"}, "type": "param", "children": [{"attributes": {"text": "<p><span class=\"caps\">DOM</span> element to query.</p>"}, "type": "desc"}, {"attributes": {}, "type": "types", "children": [{"attributes": {"type": "Element"}, "type": "entry"}]}]}]}, {"attributes": {"text": "<p>Returns the content of the element.</p>"}, "type": "desc"}, {"attributes": {}, "type": "return", "children": [{"attributes": {"text": "<p>Content stored in the element.</p>"}, "type": "desc"}, {"attributes": {}, "type": "types", "children": [{"attributes": {"type": "String"}, "type": "entry"}]}]}]}, {"attributes": {"line": 232, "isStatic": true, "name": "setValue"}, "type": "method", "children": [{"attributes": {}, "type": "params", "children": [{"attributes": {"name": "element"}, "type": "param", "children": [{"attributes": {"text": "<p><span class=\"caps\">DOM</span> element to modify.</p>"}, "type": "desc"}, {"attributes": {}, "type": "types", "children": [{"attributes": {"type": "Element"}, "type": "entry"}]}]}, {"attributes": {"name": "value"}, "type": "param", "children": [{"attributes": {"text": "<p>Content to insert.</p>"}, "type": "desc"}, {"attributes": {}, "type": "types", "children": [{"attributes": {"type": "String"}, "type": "entry"}]}]}]}, {"attributes": {"text": "<p>Sets the content of the element.</p>\n\n<p>The possibilities of the value depends on the mode\ndefined using {@link #create}.</p>"}, "type": "desc"}]}]}]}