{"attributes": {"name": "IframeHistory", "isInternal": true, "packageName": "qx.bom", "access": "internal", "superClass": "qx.bom.History", "fullName": "qx.bom.IframeHistory", "type": "class"}, "type": "class", "children": [{"attributes": {"text": "<p>Implements an iFrame based history manager for IE 6/7/8.</p>\n\n<p>Creates a hidden iFrame and uses document.write to store entries in the\nhistory browser&#8217;s stack.</p>"}, "type": "desc"}, {"attributes": {}, "type": "constructor", "children": [{"attributes": {"docFrom": "qx.core.Object", "line": 36, "isCtor": true, "overriddenFrom": "qx.bom.History", "name": "ctor"}, "type": "method"}]}, {"attributes": {}, "type": "methods", "children": [{"attributes": {"access": "private", "line": 170, "name": "__clearWriteSateTimer"}, "type": "method", "children": [{"attributes": {"text": "<p>Helper function to clear the write state timer.</p>"}, "type": "desc"}]}, {"attributes": {"access": "private", "line": 267, "name": "__createIframe"}, "type": "method", "children": [{"attributes": {"text": "<p><span class=\"caps\">IMPORTANT</span> <span class=\"caps\">NOTE</span> <span class=\"caps\">FOR</span> IE:\nSetting the source before adding the iframe to the document.\nOtherwise IE will bring up a &#8220;Unsecure items&#8230;&#8221; warning in <span class=\"caps\">SSL</span> mode</p>"}, "type": "desc"}, {"attributes": {}, "type": "return", "children": [{"attributes": {"text": ""}, "type": "desc"}, {"attributes": {}, "type": "types", "children": [{"attributes": {"type": "Iframe"}, "type": "entry"}]}]}]}, {"attributes": {"access": "private", "line": 244, "name": "__initIframe"}, "type": "method", "children": [{"attributes": {}, "type": "params", "children": [{"attributes": {"defaultValue": "null", "optional": true, "name": "handler"}, "type": "param", "children": [{"attributes": {"text": "<p>if given this callback is executed after iframe is ready to use</p>"}, "type": "desc"}, {"attributes": {}, "type": "types", "children": [{"attributes": {"type": "Function"}, "type": "entry"}]}]}]}, {"attributes": {"text": "<p>Initializes the iframe</p>"}, "type": "desc"}]}, {"attributes": {"access": "private", "line": 182, "name": "__initTimer"}, "type": "method", "children": [{"attributes": {"text": "<p>Initialize the polling timer</p>"}, "type": "desc"}]}, {"attributes": {"access": "private", "line": 234, "name": "__isCurrentLocationState"}, "type": "method", "children": [{"attributes": {}, "type": "params", "children": [{"attributes": {"name": "locationState"}, "type": "param", "children": [{"attributes": {"text": "<p>location state to check</p>"}, "type": "desc"}, {"attributes": {}, "type": "types", "children": [{"attributes": {"type": "String"}, "type": "entry"}]}]}]}, {"attributes": {"text": "<p>Checks whether the given location state is the current one.</p>"}, "type": "desc"}, {"attributes": {}, "type": "return", "children": [{"attributes": {"text": ""}, "type": "desc"}, {"attributes": {}, "type": "types", "children": [{"attributes": {"type": "Boolean"}, "type": "entry"}]}]}]}, {"attributes": {"access": "private", "line": 195, "name": "__onHashChange"}, "type": "method", "children": [{"attributes": {}, "type": "params", "children": [{"attributes": {"name": "e"}, "type": "param", "children": [{"attributes": {"text": "<p>event instance</p>"}, "type": "desc"}, {"attributes": {}, "type": "types", "children": [{"attributes": {"type": "qx.event.type.Event"}, "type": "entry"}]}]}]}, {"attributes": {"text": "<p>Hash change listener.</p>"}, "type": "desc"}]}, {"attributes": {"access": "private", "line": 219, "name": "__storeLocationState"}, "type": "method", "children": [{"attributes": {}, "type": "params", "children": [{"attributes": {"name": "locationState"}, "type": "param", "children": [{"attributes": {"text": "<p>location state</p>"}, "type": "desc"}, {"attributes": {}, "type": "types", "children": [{"attributes": {"type": "String"}, "type": "entry"}]}]}]}, {"attributes": {"text": "<p>Stores the given location state.</p>"}, "type": "desc"}, {"attributes": {}, "type": "return", "children": [{"attributes": {"text": ""}, "type": "desc"}, {"attributes": {}, "type": "types", "children": [{"attributes": {"type": "String"}, "type": "entry"}]}]}]}, {"attributes": {"access": "private", "line": 290, "name": "__waitForIFrame"}, "type": "method", "children": [{"attributes": {}, "type": "params", "children": [{"attributes": {"name": "callback"}, "type": "param", "children": [{"attributes": {"text": "<p>This function will be called once the iframe is loaded</p>"}, "type": "desc"}, {"attributes": {}, "type": "types", "children": [{"attributes": {"type": "Function"}, "type": "entry"}]}]}, {"attributes": {"defaultValue": "window", "optional": true, "name": "context"}, "type": "param", "children": [{"attributes": {"text": "<p>The context for the callback.</p>"}, "type": "desc"}, {"attributes": {}, "type": "types", "children": [{"attributes": {"type": "Object"}, "type": "entry"}]}]}, {"attributes": {"name": "retry"}, "type": "param", "children": [{"attributes": {"text": "<p>number of tries to initialize the iframe</p>"}, "type": "desc"}, {"attributes": {}, "type": "types", "children": [{"attributes": {"type": "Integer"}, "type": "entry"}]}]}]}, {"attributes": {"text": "<p>Waits for the IFrame being loaded. Once the IFrame is loaded\nthe callback is called with the provided context.</p>"}, "type": "desc"}]}, {"attributes": {"access": "protected", "line": 113, "overriddenFrom": "qx.bom.History", "name": "_applyState"}, "type": "method", "children": [{"attributes": {}, "type": "params", "children": [{"attributes": {"name": "value"}, "type": "param", "children": [{"attributes": {"text": "<p>new value of the property</p>"}, "type": "desc"}, {"attributes": {}, "type": "types", "children": [{"attributes": {"type": "String"}, "type": "entry"}]}]}, {"attributes": {"name": "old"}, "type": "param", "children": [{"attributes": {"text": "<p>previous value of the property (null if it was not yet set).</p>"}, "type": "desc"}, {"attributes": {}, "type": "types", "children": [{"attributes": {"type": "String"}, "type": "entry"}]}]}]}, {"attributes": {}, "type": "apply", "children": [{"attributes": {"applies": "qx.bom.History#state"}, "type": "entry"}]}, {"attributes": {"text": "<p>Applies changes of the property value of the property <code>state</code>.</p>\n\n<p>For further details take a look at the property definition: {@link #state}.</p>"}, "type": "desc"}]}, {"attributes": {"access": "protected", "docFrom": "qx.bom.History", "line": 89, "overriddenFrom": "qx.bom.History", "name": "_onHistoryLoad"}, "type": "method", "children": [{"attributes": {}, "type": "params", "children": [{"attributes": {"name": "state"}, "type": "param"}]}]}, {"attributes": {"access": "protected", "line": 127, "overriddenFrom": "qx.bom.History", "name": "_readState"}, "type": "method", "children": [{"attributes": {"text": "<p>Get state from the iframe</p>"}, "type": "desc"}, {"attributes": {}, "type": "return", "children": [{"attributes": {"text": "<p>current state of the browser history</p>"}, "type": "desc"}, {"attributes": {}, "type": "types", "children": [{"attributes": {"type": "String"}, "type": "entry"}]}]}]}, {"attributes": {"access": "protected", "docFrom": "qx.bom.History", "line": 61, "overriddenFrom": "qx.bom.History", "name": "_setHash"}, "type": "method", "children": [{"attributes": {}, "type": "params", "children": [{"attributes": {"name": "value"}, "type": "param"}]}]}, {"attributes": {"access": "protected", "docFrom": "qx.bom.History", "line": 53, "overriddenFrom": "qx.bom.History", "name": "_setInitialState"}, "type": "method"}, {"attributes": {"access": "protected", "line": 104, "name": "_setState"}, "type": "method", "children": [{"attributes": {}, "type": "params", "children": [{"attributes": {"name": "state"}, "type": "param", "children": [{"attributes": {"text": "<p>State loaded from history</p>"}, "type": "desc"}, {"attributes": {}, "type": "types", "children": [{"attributes": {"type": "String"}, "type": "entry"}]}]}]}, {"attributes": {"text": "<p>Helper function to set state property. This will only be called\nby _onHistoryLoad. It determines, that no apply of state will be called.</p>"}, "type": "desc"}]}, {"attributes": {"access": "protected", "line": 144, "overriddenFrom": "qx.bom.History", "name": "_writeState"}, "type": "method", "children": [{"attributes": {}, "type": "params", "children": [{"attributes": {"name": "state"}, "type": "param", "children": [{"attributes": {"text": "<p>state to save</p>"}, "type": "desc"}, {"attributes": {}, "type": "types", "children": [{"attributes": {"type": "String"}, "type": "entry"}]}]}]}, {"attributes": {"text": "<p>Store state to the iframe</p>"}, "type": "desc"}]}, {"attributes": {"docFrom": "qx.bom.History", "line": 69, "overriddenFrom": "qx.bom.History", "name": "addToHistory"}, "type": "method", "children": [{"attributes": {}, "type": "params", "children": [{"attributes": {"name": "state"}, "type": "param"}, {"attributes": {"name": "newTitle"}, "type": "param"}]}]}]}]}