{"attributes": {"fullName": "qx.bom.element.Transform", "packageName": "qx.bom.element", "isStatic": true, "type": "bootstrap", "name": "Transform"}, "type": "class", "children": [{"attributes": {"text": "<p>This class is responsible for applying CSS3 transforms to plain <span class=\"caps\">DOM</span> elements.\nThe implementation is mostly a cross browser wrapper for applying the\ntransforms.\nThe <span class=\"caps\">API</span> is keep to the spec as close as possible.</p>\n\n<p><a href=\"http://www.w3.org/TR/css3-3d-transforms/\">http://www.w3.org/TR/css3-3d-transforms/</a></p>"}, "type": "desc"}, {"attributes": {}, "type": "methods-static", "children": [{"attributes": {"access": "private", "line": 286, "isStatic": true, "name": "__mapToCss"}, "type": "method", "children": [{"attributes": {}, "type": "params", "children": [{"attributes": {"name": "transforms"}, "type": "param", "children": [{"attributes": {"text": "<p>A map containing the transforms.</p>"}, "type": "desc"}, {"attributes": {}, "type": "types", "children": [{"attributes": {"type": "Map"}, "type": "entry"}]}]}]}, {"attributes": {"text": "<p>Internal helper which converts the given transforms map to a valid <span class=\"caps\">CSS</span>\nstring.</p>"}, "type": "desc"}, {"attributes": {}, "type": "return", "children": [{"attributes": {"text": "<p>The <span class=\"caps\">CSS</span> transforms.</p>"}, "type": "desc"}, {"attributes": {}, "type": "types", "children": [{"attributes": {"type": "String"}, "type": "entry"}]}]}]}, {"attributes": {"line": 272, "isStatic": true, "name": "getBackfaceVisibility"}, "type": "method", "children": [{"attributes": {}, "type": "params", "children": [{"attributes": {"name": "el"}, "type": "param", "children": [{"attributes": {"text": "<p>The dom element to read the property.</p>"}, "type": "desc"}, {"attributes": {}, "type": "types", "children": [{"attributes": {"type": "Element"}, "type": "entry"}]}]}]}, {"attributes": {"text": "<p>Returns the backface-visibility property of the given element.</p>\n\n<p>Spec: <a href=\"http://www.w3.org/TR/css3-3d-transforms/#backface-visibility-property\">http://www.w3.org/TR/css3-3d-transforms/#backface-visibility-property</a></p>"}, "type": "desc"}, {"attributes": {}, "type": "return", "children": [{"attributes": {"text": "<code>true</code>, if the backface is visible."}, "type": "desc"}, {"attributes": {}, "type": "types", "children": [{"attributes": {"type": "Boolean"}, "type": "entry"}]}]}]}, {"attributes": {"line": 112, "isStatic": true, "name": "getCss"}, "type": "method", "children": [{"attributes": {}, "type": "params", "children": [{"attributes": {"name": "transforms"}, "type": "param", "children": [{"attributes": {"text": "<p>The transforms map. For a detailed description, take a look at the {@link #transform} method.</p>"}, "type": "desc"}, {"attributes": {}, "type": "types", "children": [{"attributes": {"type": "Map"}, "type": "entry"}]}]}]}, {"attributes": {"text": "<p>Converts the given map to a string which could be added to a css\nstylesheet.</p>"}, "type": "desc"}, {"attributes": {}, "type": "return", "children": [{"attributes": {"text": "<p>The <span class=\"caps\">CSS</span> value.</p>"}, "type": "desc"}, {"attributes": {}, "type": "types", "children": [{"attributes": {"type": "String"}, "type": "entry"}]}]}]}, {"attributes": {"line": 144, "isStatic": true, "name": "getOrigin"}, "type": "method", "children": [{"attributes": {}, "type": "params", "children": [{"attributes": {"name": "el"}, "type": "param", "children": [{"attributes": {"text": "<p>The dom element to read the property.</p>"}, "type": "desc"}, {"attributes": {}, "type": "types", "children": [{"attributes": {"type": "Element"}, "type": "entry"}]}]}]}, {"attributes": {"text": "<p>Returns the transform-origin property of the given element.</p>\n\n<p>Spec: <a href=\"http://www.w3.org/TR/css3-3d-transforms/#transform-origin-property\">http://www.w3.org/TR/css3-3d-transforms/#transform-origin-property</a></p>"}, "type": "desc"}, {"attributes": {}, "type": "return", "children": [{"attributes": {"text": "<p>The set property, e.g. <code>50% 50%</code></p>"}, "type": "desc"}, {"attributes": {}, "type": "types", "children": [{"attributes": {"type": "String"}, "type": "entry"}]}]}]}, {"attributes": {"line": 204, "isStatic": true, "name": "getPerspective"}, "type": "method", "children": [{"attributes": {}, "type": "params", "children": [{"attributes": {"name": "el"}, "type": "param", "children": [{"attributes": {"text": "<p>The dom element to read the property.</p>"}, "type": "desc"}, {"attributes": {}, "type": "types", "children": [{"attributes": {"type": "Element"}, "type": "entry"}]}]}]}, {"attributes": {"text": "<p>Returns the perspective property of the given element.</p>\n\n<p>Spec: <a href=\"http://www.w3.org/TR/css3-3d-transforms/#perspective-property\">http://www.w3.org/TR/css3-3d-transforms/#perspective-property</a></p>"}, "type": "desc"}, {"attributes": {}, "type": "return", "children": [{"attributes": {"text": "<p>The set property, e.g. <code>500</code></p>"}, "type": "desc"}, {"attributes": {}, "type": "types", "children": [{"attributes": {"type": "String"}, "type": "entry"}]}]}]}, {"attributes": {"line": 234, "isStatic": true, "name": "getPerspectiveOrigin"}, "type": "method", "children": [{"attributes": {}, "type": "params", "children": [{"attributes": {"name": "el"}, "type": "param", "children": [{"attributes": {"text": "<p>The dom element to read the property.</p>"}, "type": "desc"}, {"attributes": {}, "type": "types", "children": [{"attributes": {"type": "Element"}, "type": "entry"}]}]}]}, {"attributes": {"text": "<p>Returns the perspective-origin property of the given element.</p>\n\n<p>Spec: <a href=\"http://www.w3.org/TR/css3-3d-transforms/#perspective-origin-property\">http://www.w3.org/TR/css3-3d-transforms/#perspective-origin-property</a></p>"}, "type": "desc"}, {"attributes": {}, "type": "return", "children": [{"attributes": {"text": "<p>The set property, e.g. <code>50% 50%</code></p>"}, "type": "desc"}, {"attributes": {}, "type": "types", "children": [{"attributes": {"type": "String"}, "type": "entry"}]}]}]}, {"attributes": {"line": 174, "isStatic": true, "name": "getStyle"}, "type": "method", "children": [{"attributes": {}, "type": "params", "children": [{"attributes": {"name": "el"}, "type": "param", "children": [{"attributes": {"text": "<p>The dom element to read the property.</p>"}, "type": "desc"}, {"attributes": {}, "type": "types", "children": [{"attributes": {"type": "Element"}, "type": "entry"}]}]}]}, {"attributes": {"text": "<p>Returns the transform-style property of the given element.</p>\n\n<p>Spec: <a href=\"http://www.w3.org/TR/css3-3d-transforms/#transform-style-property\">http://www.w3.org/TR/css3-3d-transforms/#transform-style-property</a></p>"}, "type": "desc"}, {"attributes": {}, "type": "return", "children": [{"attributes": {"text": "<p>The set property, either <code>flat</code> or <code>preserve-3d</code>.</p>"}, "type": "desc"}, {"attributes": {}, "type": "types", "children": [{"attributes": {"type": "String"}, "type": "entry"}]}]}]}, {"attributes": {"line": 89, "isStatic": true, "name": "rotate"}, "type": "method", "children": [{"attributes": {}, "type": "params", "children": [{"attributes": {"name": "el"}, "type": "param", "children": [{"attributes": {"text": "<p>The element to apply the transformation.</p>"}, "type": "desc"}, {"attributes": {}, "type": "types", "children": [{"attributes": {"type": "Element"}, "type": "entry"}]}]}, {"attributes": {"name": "value"}, "type": "param", "children": [{"attributes": {"text": "<p>The value to rotate e.g. <code>&#8220;90deg&#8221;</code>.</p>"}, "type": "desc"}, {"attributes": {}, "type": "types", "children": [{"attributes": {"type": "String"}, "type": "entry"}, {"attributes": {"type": "Array"}, "type": "entry"}]}]}]}, {"attributes": {"text": "<p>Rotates the given element by the given value. For further details, take\na look at the {@link #transform} method.</p>"}, "type": "desc"}]}, {"attributes": {"line": 78, "isStatic": true, "name": "scale"}, "type": "method", "children": [{"attributes": {}, "type": "params", "children": [{"attributes": {"name": "el"}, "type": "param", "children": [{"attributes": {"text": "<p>The element to apply the transformation.</p>"}, "type": "desc"}, {"attributes": {}, "type": "types", "children": [{"attributes": {"type": "Element"}, "type": "entry"}]}]}, {"attributes": {"name": "value"}, "type": "param", "children": [{"attributes": {"text": "<p>The value to scale.</p>"}, "type": "desc"}, {"attributes": {}, "type": "types", "children": [{"attributes": {"type": "Number"}, "type": "entry"}, {"attributes": {"type": "Array"}, "type": "entry"}]}]}]}, {"attributes": {"text": "<p>Scales the given element by the given value. For further details, take\na look at the {@link #transform} method.</p>"}, "type": "desc"}]}, {"attributes": {"line": 258, "isStatic": true, "name": "setBackfaceVisibility"}, "type": "method", "children": [{"attributes": {}, "type": "params", "children": [{"attributes": {"name": "el"}, "type": "param", "children": [{"attributes": {"text": "<p>The dom element to set the property.</p>"}, "type": "desc"}, {"attributes": {}, "type": "types", "children": [{"attributes": {"type": "Element"}, "type": "entry"}]}]}, {"attributes": {"name": "value"}, "type": "param", "children": [{"attributes": {"text": "<code>true</code> if the backface should be visible."}, "type": "desc"}, {"attributes": {}, "type": "types", "children": [{"attributes": {"type": "Boolean"}, "type": "entry"}]}]}]}, {"attributes": {"text": "<p>Sets the backface-visibility property of the given element.</p>\n\n<p>Spec: <a href=\"http://www.w3.org/TR/css3-3d-transforms/#backface-visibility-property\">http://www.w3.org/TR/css3-3d-transforms/#backface-visibility-property</a></p>"}, "type": "desc"}]}, {"attributes": {"line": 130, "isStatic": true, "name": "setOrigin"}, "type": "method", "children": [{"attributes": {}, "type": "params", "children": [{"attributes": {"name": "el"}, "type": "param", "children": [{"attributes": {"text": "<p>The dom element to set the property.</p>"}, "type": "desc"}, {"attributes": {}, "type": "types", "children": [{"attributes": {"type": "Element"}, "type": "entry"}]}]}, {"attributes": {"name": "value"}, "type": "param", "children": [{"attributes": {"text": "<p><span class=\"caps\">CSS</span> position values like <code>50% 50%</code> or <code>left top</code>.</p>"}, "type": "desc"}, {"attributes": {}, "type": "types", "children": [{"attributes": {"type": "String"}, "type": "entry"}]}]}]}, {"attributes": {"text": "<p>Sets the transform-origin property of the given element.</p>\n\n<p>Spec: <a href=\"http://www.w3.org/TR/css3-3d-transforms/#transform-origin-property\">http://www.w3.org/TR/css3-3d-transforms/#transform-origin-property</a></p>"}, "type": "desc"}]}, {"attributes": {"line": 190, "isStatic": true, "name": "setPerspective"}, "type": "method", "children": [{"attributes": {}, "type": "params", "children": [{"attributes": {"name": "el"}, "type": "param", "children": [{"attributes": {"text": "<p>The dom element to set the property.</p>"}, "type": "desc"}, {"attributes": {}, "type": "types", "children": [{"attributes": {"type": "Element"}, "type": "entry"}]}]}, {"attributes": {"name": "value"}, "type": "param", "children": [{"attributes": {"text": "<p>The perspective layer. Numbers between 100 and 5000 give the best results.</p>"}, "type": "desc"}, {"attributes": {}, "type": "types", "children": [{"attributes": {"type": "Number"}, "type": "entry"}]}]}]}, {"attributes": {"text": "<p>Sets the perspective property of the given element.</p>\n\n<p>Spec: <a href=\"http://www.w3.org/TR/css3-3d-transforms/#perspective-property\">http://www.w3.org/TR/css3-3d-transforms/#perspective-property</a></p>"}, "type": "desc"}]}, {"attributes": {"line": 220, "isStatic": true, "name": "setPerspectiveOrigin"}, "type": "method", "children": [{"attributes": {}, "type": "params", "children": [{"attributes": {"name": "el"}, "type": "param", "children": [{"attributes": {"text": "<p>The dom element to set the property.</p>"}, "type": "desc"}, {"attributes": {}, "type": "types", "children": [{"attributes": {"type": "Element"}, "type": "entry"}]}]}, {"attributes": {"name": "value"}, "type": "param", "children": [{"attributes": {"text": "<p><span class=\"caps\">CSS</span> position values like <code>50% 50%</code> or <code>left top</code>.</p>"}, "type": "desc"}, {"attributes": {}, "type": "types", "children": [{"attributes": {"type": "String"}, "type": "entry"}]}]}]}, {"attributes": {"text": "<p>Sets the perspective-origin property of the given element.</p>\n\n<p>Spec: <a href=\"http://www.w3.org/TR/css3-3d-transforms/#perspective-origin-property\">http://www.w3.org/TR/css3-3d-transforms/#perspective-origin-property</a></p>"}, "type": "desc"}]}, {"attributes": {"line": 159, "isStatic": true, "name": "setStyle"}, "type": "method", "children": [{"attributes": {}, "type": "params", "children": [{"attributes": {"name": "el"}, "type": "param", "children": [{"attributes": {"text": "<p>The dom element to set the property.</p>"}, "type": "desc"}, {"attributes": {}, "type": "types", "children": [{"attributes": {"type": "Element"}, "type": "entry"}]}]}, {"attributes": {"name": "value"}, "type": "param", "children": [{"attributes": {"text": "<p>Either <code>flat</code> or <code>preserve-3d</code>.</p>"}, "type": "desc"}, {"attributes": {}, "type": "types", "children": [{"attributes": {"type": "String"}, "type": "entry"}]}]}]}, {"attributes": {"text": "<p>Sets the transform-style property of the given element.</p>\n\n<p>Spec: <a href=\"http://www.w3.org/TR/css3-3d-transforms/#transform-style-property\">http://www.w3.org/TR/css3-3d-transforms/#transform-style-property</a></p>"}, "type": "desc"}]}, {"attributes": {"line": 100, "isStatic": true, "name": "skew"}, "type": "method", "children": [{"attributes": {}, "type": "params", "children": [{"attributes": {"name": "el"}, "type": "param", "children": [{"attributes": {"text": "<p>The element to apply the transformation.</p>"}, "type": "desc"}, {"attributes": {}, "type": "types", "children": [{"attributes": {"type": "Element"}, "type": "entry"}]}]}, {"attributes": {"name": "value"}, "type": "param", "children": [{"attributes": {"text": "<p>The value to skew e.g. <code>&#8220;90deg&#8221;</code>.</p>"}, "type": "desc"}, {"attributes": {}, "type": "types", "children": [{"attributes": {"type": "String"}, "type": "entry"}, {"attributes": {"type": "Array"}, "type": "entry"}]}]}]}, {"attributes": {"text": "<p>Skews the given element by the given value. For further details, take\na look at the {@link #transform} method.</p>"}, "type": "desc"}]}, {"attributes": {"line": 52, "isStatic": true, "name": "transform"}, "type": "method", "children": [{"attributes": {}, "type": "params", "children": [{"attributes": {"name": "el"}, "type": "param", "children": [{"attributes": {"text": "<p>The element to apply the transformation.</p>"}, "type": "desc"}, {"attributes": {}, "type": "types", "children": [{"attributes": {"type": "Element"}, "type": "entry"}]}]}, {"attributes": {"name": "transforms"}, "type": "param", "children": [{"attributes": {"text": "<p>The map containing the transforms and value.</p>"}, "type": "desc"}, {"attributes": {}, "type": "types", "children": [{"attributes": {"type": "Map"}, "type": "entry"}]}]}]}, {"attributes": {"text": "<p>Method to apply multiple transforms at once to the given element. It\ntakes a map containing the transforms you want to apply plus the values\ne.g.<code>{scale: 2, rotate: &#8220;5deg&#8221;}</code>.\nThe values can be either singular, which means a single value will\nbe added to the <span class=\"caps\">CSS</span>. If you give an array, the values will be split up\nand each array entry will be used for the X, Y or Z dimension in that\norder e.g. <code>{scale: [2, 0.5]}</code> will result in a element\ndouble the size in X direction and half the size in Y direction.\nMake sure your browser supports all transformations you apply.</p>"}, "type": "desc"}]}, {"attributes": {"line": 67, "isStatic": true, "name": "translate"}, "type": "method", "children": [{"attributes": {}, "type": "params", "children": [{"attributes": {"name": "el"}, "type": "param", "children": [{"attributes": {"text": "<p>The element to apply the transformation.</p>"}, "type": "desc"}, {"attributes": {}, "type": "types", "children": [{"attributes": {"type": "Element"}, "type": "entry"}]}]}, {"attributes": {"name": "value"}, "type": "param", "children": [{"attributes": {"text": "<p>The value to translate e.g. <code>&#8220;10px&#8221;</code>.</p>"}, "type": "desc"}, {"attributes": {}, "type": "types", "children": [{"attributes": {"type": "String"}, "type": "entry"}, {"attributes": {"type": "Array"}, "type": "entry"}]}]}]}, {"attributes": {"text": "<p>Translates the given element by the given value. For further details, take\na look at the {@link #transform} method.</p>"}, "type": "desc"}]}]}, {"attributes": {}, "type": "constants", "children": [{"attributes": {"access": "private", "name": "__cssKeys"}, "type": "constant", "children": [{"attributes": {"text": "<p>Internal storage of the <span class=\"caps\">CSS</span> names</p>"}, "type": "desc"}]}, {"attributes": {"access": "private", "type": "Array", "name": "__dimensions", "value": "[\"X\",\"Y\",\"Z\"]"}, "type": "constant", "children": [{"attributes": {"text": "<p>The dimensions of the transforms</p>"}, "type": "desc"}]}]}]}