{"attributes": {"isStatic": true, "name": "Scroll", "isInternal": true, "packageName": "qx.bom.client", "access": "internal", "fullName": "qx.bom.client.Scroll", "type": "bootstrap"}, "type": "class", "children": [{"attributes": {"text": "<p>This class is responsible for checking the scrolling behavior of the client.</p>\n\n<p>This class is used by {@link qx.core.Environment} and should not be used\ndirectly. Please check its class comment for details how to use it.</p>"}, "type": "desc"}, {"attributes": {}, "type": "methods-static", "children": [{"attributes": {"access": "internal", "isInternal": true, "line": 57, "isStatic": true, "name": "getNativeScroll"}, "type": "method", "children": [{"attributes": {"text": "<p>Checks if native scroll can be used for the current mobile device.</p>"}, "type": "desc"}, {"attributes": {}, "type": "return", "children": [{"attributes": {"text": "<code>true</code> if the current device is capable to use native scroll."}, "type": "desc"}, {"attributes": {}, "type": "types", "children": [{"attributes": {"type": "Boolean"}, "type": "entry"}]}]}]}, {"attributes": {"access": "internal", "isInternal": true, "line": 40, "isStatic": true, "name": "scrollBarOverlayed"}, "type": "method", "children": [{"attributes": {"text": "<p>Check if the scrollbars should be positioned on top of the content. This\nis true of <span class=\"caps\">OSX</span> Lion when the scrollbars dissapear automatically.</p>"}, "type": "desc"}, {"attributes": {}, "type": "return", "children": [{"attributes": {"text": "<code>true</code> if the scrollbars should be positioned on top of the content."}, "type": "desc"}, {"attributes": {}, "type": "types", "children": [{"attributes": {"type": "Boolean"}, "type": "entry"}]}]}]}]}]}