{"attributes": {"fullName": "qx.bom.PageVisibility", "packageName": "qx.bom", "type": "bootstrap", "name": "PageVisibility", "superClass": "qx.event.Emitter"}, "type": "class", "children": [{"attributes": {"text": "<p>This class offers a constant <span class=\"caps\">API</span> over the Page Visibility Spec:\n<a href=\"http://www.w3.org/TR/page-visibility/\">http://www.w3.org/TR/page-visibility/</a></p>\n\n<p>It forwards all the browsers support and provides always a fallback which is\nof course visible all the time.</p>"}, "type": "desc"}, {"attributes": {}, "type": "methods-static", "children": [{"attributes": {"line": 35, "isStatic": true, "name": "getInstance"}, "type": "method", "children": [{"attributes": {"text": "<p>Get an instance of the PageVisibility object using the default document.</p>"}, "type": "desc"}, {"attributes": {}, "type": "return", "children": [{"attributes": {"text": "<p>An instance of this class.</p>"}, "type": "desc"}, {"attributes": {}, "type": "types", "children": [{"attributes": {"type": "qx.bom.PageVisibility"}, "type": "entry"}]}]}]}]}, {"attributes": {}, "type": "constructor", "children": [{"attributes": {"line": 47, "isCtor": true, "name": "ctor"}, "type": "method", "children": [{"attributes": {}, "type": "params", "children": [{"attributes": {"optional": true, "name": "document"}, "type": "param", "children": [{"attributes": {"text": "<p>Optional document element.</p>"}, "type": "desc"}, {"attributes": {}, "type": "types", "children": [{"attributes": {"type": "document"}, "type": "entry"}]}]}]}, {"attributes": {"text": ""}, "type": "desc"}]}]}, {"attributes": {}, "type": "events", "children": [{"attributes": {"name": "change"}, "type": "event", "children": [{"attributes": {"text": "<p>The change event for the page visibility.</p>"}, "type": "desc"}, {"attributes": {}, "type": "types", "children": [{"attributes": {"type": "Event"}, "type": "entry"}]}]}]}, {"attributes": {}, "type": "methods", "children": [{"attributes": {"access": "private", "line": 79, "name": "__checkAttributeNames"}, "type": "method", "children": [{"attributes": {"text": "<p>Internal helper to feature check the attribute names and the event name.\nAs the event can not be detected using the on attribute, we need\nto guess the event name by checking for the hidden attribute.</p>"}, "type": "desc"}]}, {"attributes": {"line": 130, "name": "getVisibilityState"}, "type": "method", "children": [{"attributes": {"text": "<p>Returns the visibility state of the page. If we can not detect it,\n<code>&#8220;visible&#8221;</code> will always be returned.</p>"}, "type": "desc"}, {"attributes": {}, "type": "return", "children": [{"attributes": {"text": "<p>The state of the page visibility.</p>"}, "type": "desc"}, {"attributes": {}, "type": "types", "children": [{"attributes": {"type": "String"}, "type": "entry"}]}]}]}, {"attributes": {"line": 119, "name": "isHidden"}, "type": "method", "children": [{"attributes": {"text": "<p>Returns weather the page is hidden or not. If we can not detect it,\n<code>false</code> will always be returned.</p>"}, "type": "desc"}, {"attributes": {}, "type": "return", "children": [{"attributes": {"text": "<code>true</code>, if the page is hidden"}, "type": "desc"}, {"attributes": {}, "type": "types", "children": [{"attributes": {"type": "Boolean"}, "type": "entry"}]}]}]}]}]}