{"attributes": {"fullName": "qx.bom.element.Scroll", "packageName": "qx.bom.element", "isStatic": true, "type": "class", "name": "Scroll"}, "type": "class", "children": [{"attributes": {"text": "<p>Contains methods to control and query the element&#8217;s scroll properties</p>"}, "type": "desc"}, {"attributes": {}, "type": "methods-static", "children": [{"attributes": {"line": 42, "isStatic": true, "name": "getScrollbarWidth"}, "type": "method", "children": [{"attributes": {"text": "<p>Get the typical native scrollbar size in the environment</p>"}, "type": "desc"}, {"attributes": {}, "type": "return", "children": [{"attributes": {"text": "<p>The native scrollbar size</p>"}, "type": "desc"}, {"attributes": {}, "type": "types", "children": [{"attributes": {"type": "Number"}, "type": "entry"}]}]}]}, {"attributes": {"line": 400, "isStatic": true, "name": "intoView"}, "type": "method", "children": [{"attributes": {}, "type": "params", "children": [{"attributes": {"name": "element"}, "type": "param", "children": [{"attributes": {"text": "<p><span class=\"caps\">DOM</span> element to scroll into view</p>"}, "type": "desc"}, {"attributes": {}, "type": "types", "children": [{"attributes": {"type": "Element"}, "type": "entry"}]}]}, {"attributes": {"defaultValue": "null", "optional": true, "name": "stop"}, "type": "param", "children": [{"attributes": {"text": "<p>Any parent element which functions as outest element to scroll. Default is the <span class=\"caps\">HTML</span> document.</p>"}, "type": "desc"}, {"attributes": {}, "type": "types", "children": [{"attributes": {"type": "Element"}, "type": "entry"}]}]}, {"attributes": {"name": "alignX"}, "type": "param", "children": [{"attributes": {"text": "<p>Alignment of the element. Allowed values: <code>left</code> or <code>right</code>. Could also be undefined. Without a given alignment the method tries to scroll the widget with the minimum effort needed.</p>"}, "type": "desc"}, {"attributes": {}, "type": "types", "children": [{"attributes": {"type": "String"}, "type": "entry"}]}]}, {"attributes": {"name": "alignY"}, "type": "param", "children": [{"attributes": {"text": "<p>Alignment of the element. Allowed values: <code>top</code> or <code>bottom</code>. Could also be undefined. Without a given alignment the method tries to scroll the widget with the minimum effort needed.</p>"}, "type": "desc"}, {"attributes": {}, "type": "types", "children": [{"attributes": {"type": "String"}, "type": "entry"}]}]}]}, {"attributes": {"text": "<p>The method scrolls the element into view.</p>"}, "type": "desc"}]}, {"attributes": {"line": 143, "isStatic": true, "name": "intoViewX"}, "type": "method", "children": [{"attributes": {}, "type": "params", "children": [{"attributes": {"name": "element"}, "type": "param", "children": [{"attributes": {"text": "<p><span class=\"caps\">DOM</span> element to scroll into view</p>"}, "type": "desc"}, {"attributes": {}, "type": "types", "children": [{"attributes": {"type": "Element"}, "type": "entry"}]}]}, {"attributes": {"defaultValue": "null", "optional": true, "name": "stop"}, "type": "param", "children": [{"attributes": {"text": "<p>Any parent element which functions as outest element to scroll. Default is the <span class=\"caps\">HTML</span> document.</p>"}, "type": "desc"}, {"attributes": {}, "type": "types", "children": [{"attributes": {"type": "Element"}, "type": "entry"}]}]}, {"attributes": {"defaultValue": "null", "optional": true, "name": "align"}, "type": "param", "children": [{"attributes": {"text": "<p>Alignment of the element. Allowed values: <code>left</code> or <code>right</code>. Could also be null. Without a given alignment the method tries to scroll the widget with the minimum effort needed.</p>"}, "type": "desc"}, {"attributes": {}, "type": "types", "children": [{"attributes": {"type": "String"}, "type": "entry"}]}]}]}, {"attributes": {"text": "<p>The method scrolls the element into view (x-axis only).</p>"}, "type": "desc"}]}, {"attributes": {"line": 267, "isStatic": true, "name": "intoViewY"}, "type": "method", "children": [{"attributes": {}, "type": "params", "children": [{"attributes": {"name": "element"}, "type": "param", "children": [{"attributes": {"text": "<p><span class=\"caps\">DOM</span> element to scroll into view</p>"}, "type": "desc"}, {"attributes": {}, "type": "types", "children": [{"attributes": {"type": "Element"}, "type": "entry"}]}]}, {"attributes": {"defaultValue": "null", "optional": true, "name": "stop"}, "type": "param", "children": [{"attributes": {"text": "<p>Any parent element which functions as outest element to scroll. Default is the <span class=\"caps\">HTML</span> document.</p>"}, "type": "desc"}, {"attributes": {}, "type": "types", "children": [{"attributes": {"type": "Element"}, "type": "entry"}]}]}, {"attributes": {"defaultValue": "null", "optional": true, "name": "align"}, "type": "param", "children": [{"attributes": {"text": "<p>Alignment of the element. Allowed values: <code>top</code> or <code>bottom</code>. Could also be null. Without a given alignment the method tries to scroll the widget with the minimum effort needed.</p>"}, "type": "desc"}, {"attributes": {}, "type": "types", "children": [{"attributes": {"type": "String"}, "type": "entry"}]}]}]}, {"attributes": {"text": "<p>The method scrolls the element into view (y-axis only).</p>"}, "type": "desc"}]}]}, {"attributes": {}, "type": "constants", "children": [{"attributes": {"access": "private", "type": "Null", "name": "__scrollbarSize", "value": "null"}, "type": "constant", "children": [{"attributes": {"text": "<p>The typical native scrollbar size in the environment</p>"}, "type": "desc"}, {"attributes": {}, "type": "types", "children": [{"attributes": {"type": "Integer"}, "type": "entry"}]}]}]}]}