{"attributes": {"fullName": "qx.bom.element.Dataset", "packageName": "qx.bom.element", "isStatic": true, "type": "bootstrap", "name": "Dataset"}, "type": "class", "children": [{"attributes": {"text": "<p>Data-* attribute handling for <span class=\"caps\">DOM</span> <span class=\"caps\">HTML</span> elements.</p>\n\n<p>This feature set is supported cross-browser\nthrough one common interface and is independent of the differences between\nthe multiple implementations.</p>"}, "type": "desc"}, {"attributes": {}, "type": "methods-static", "children": [{"attributes": {"line": 72, "isStatic": true, "name": "get"}, "type": "method", "children": [{"attributes": {}, "type": "params", "children": [{"attributes": {"name": "element"}, "type": "param", "children": [{"attributes": {"text": "<p>The <span class=\"caps\">DOM</span> element to query</p>"}, "type": "desc"}, {"attributes": {}, "type": "types", "children": [{"attributes": {"type": "Element"}, "type": "entry"}]}]}, {"attributes": {"name": "name"}, "type": "param", "children": [{"attributes": {"text": "<p>Name of the attribute [CamelCase variant]</p>"}, "type": "desc"}, {"attributes": {}, "type": "types", "children": [{"attributes": {"type": "String"}, "type": "entry"}]}]}]}, {"attributes": {"text": "<p>Returns the value of the given <span class=\"caps\">HTML</span> &#8220;data-*&#8221; attribute</p>"}, "type": "desc"}, {"attributes": {}, "type": "return", "children": [{"attributes": {"text": "<p>The value of the attribute</p>"}, "type": "desc"}, {"attributes": {}, "type": "types", "children": [{"attributes": {"type": "var"}, "type": "entry"}]}]}]}, {"attributes": {"line": 90, "isStatic": true, "name": "getAll"}, "type": "method", "children": [{"attributes": {}, "type": "params", "children": [{"attributes": {"name": "element"}, "type": "param", "children": [{"attributes": {"text": "<p>The <span class=\"caps\">DOM</span> element to query</p>"}, "type": "desc"}, {"attributes": {}, "type": "types", "children": [{"attributes": {"type": "Element"}, "type": "entry"}]}]}]}, {"attributes": {"text": "<p>Returns a map containing all the <span class=\"caps\">HTML</span> &#8220;data-*&#8221; attributes of the specified element</p>"}, "type": "desc"}, {"attributes": {}, "type": "return", "children": [{"attributes": {"text": "<p>The map containing all the &#8220;data-*&#8221; attributes</p>"}, "type": "desc"}, {"attributes": {}, "type": "types", "children": [{"attributes": {"type": "Map"}, "type": "entry"}]}]}]}, {"attributes": {"line": 112, "isStatic": true, "name": "remove"}, "type": "method", "children": [{"attributes": {}, "type": "params", "children": [{"attributes": {"name": "element"}, "type": "param", "children": [{"attributes": {"text": "<p>The <span class=\"caps\">DOM</span> element to modify</p>"}, "type": "desc"}, {"attributes": {}, "type": "types", "children": [{"attributes": {"type": "Element"}, "type": "entry"}]}]}, {"attributes": {"name": "name"}, "type": "param", "children": [{"attributes": {"text": "<p>Name of the attribute</p>"}, "type": "desc"}, {"attributes": {}, "type": "types", "children": [{"attributes": {"type": "String"}, "type": "entry"}]}]}]}, {"attributes": {"text": "<p>Remove an <span class=\"caps\">HTML</span> &#8220;data-*&#8221; attribute from the given <span class=\"caps\">DOM</span> element</p>"}, "type": "desc"}]}, {"attributes": {"line": 47, "isStatic": true, "name": "set"}, "type": "method", "children": [{"attributes": {}, "type": "params", "children": [{"attributes": {"name": "element"}, "type": "param", "children": [{"attributes": {"text": "<p>The <span class=\"caps\">DOM</span> element to modify</p>"}, "type": "desc"}, {"attributes": {}, "type": "types", "children": [{"attributes": {"type": "Element"}, "type": "entry"}]}]}, {"attributes": {"name": "name"}, "type": "param", "children": [{"attributes": {"text": "<p>Name of the attribute [CamelCase variant]</p>"}, "type": "desc"}, {"attributes": {}, "type": "types", "children": [{"attributes": {"type": "String"}, "type": "entry"}]}]}, {"attributes": {"name": "value"}, "type": "param", "children": [{"attributes": {"text": "<p>New value of the attribute</p>"}, "type": "desc"}, {"attributes": {}, "type": "types", "children": [{"attributes": {"type": "var"}, "type": "entry"}]}]}]}, {"attributes": {"text": "<p>Sets a data attribute on the given <span class=\"caps\">DOM</span> element.</p>"}, "type": "desc"}]}]}]}