{"attributes": {"isStatic": true, "name": "Json", "isInternal": true, "packageName": "qx.bom.client", "access": "internal", "fullName": "qx.bom.client.Json", "type": "bootstrap"}, "type": "class", "children": [{"attributes": {"text": "<p><span class=\"caps\">JSON</span> detection.</p>\n\n<p>This class is used by {@link qx.core.Environment} and should not be used\ndirectly. Please check its class comment for details how to use it.</p>"}, "type": "desc"}, {"attributes": {}, "type": "methods-static", "children": [{"attributes": {"access": "internal", "isInternal": true, "line": 37, "isStatic": true, "name": "getJson"}, "type": "method", "children": [{"attributes": {"text": "<p>Checks if native <span class=\"caps\">JSON</span> could be used and is full-featured.</p>"}, "type": "desc"}, {"attributes": {}, "type": "return", "children": [{"attributes": {"text": "<code>true</code>, if it could be used."}, "type": "desc"}, {"attributes": {}, "type": "types", "children": [{"attributes": {"type": "Boolean"}, "type": "entry"}]}]}]}]}]}