{"attributes": {"fullName": "qx.bom.htmlarea.manager.Command", "packageName": "qx.bom.htmlarea.manager", "type": "class", "name": "Command", "superClass": "qx.core.Object"}, "type": "class", "children": [{"attributes": {"text": "<p>Available commands for the HtmlArea component</p>"}, "type": "desc"}, {"attributes": {}, "type": "constructor", "children": [{"attributes": {"line": 34, "isCtor": true, "overriddenFrom": "qx.core.Object", "name": "ctor"}, "type": "method", "children": [{"attributes": {}, "type": "params", "children": [{"attributes": {"name": "editorInstance"}, "type": "param", "children": [{"attributes": {"text": "<p>editor instance</p>"}, "type": "desc"}, {"attributes": {}, "type": "types", "children": [{"attributes": {"type": "qx.bom.htmlarea.HtmlArea"}, "type": "entry"}]}]}]}, {"attributes": {"text": "<p>Constructor</p>"}, "type": "desc"}]}]}, {"attributes": {}, "type": "constants", "children": [{"attributes": {"access": "private", "type": "String", "name": "__backgroundRepeat", "value": "repeat repeat-x repeat-y no-repeat"}, "type": "constant", "children": [{"attributes": {"text": "<p>Possible values for the style property background-repeat</p>"}, "type": "desc"}]}, {"attributes": {"access": "private", "type": "String", "name": "__backgroundPosition", "value": "|top|bottom|center|left|right|right top|left top|left bottom|right bottom|"}, "type": "constant", "children": [{"attributes": {"text": "<p>Possible values for the style property background-position</p>"}, "type": "desc"}]}]}, {"attributes": {}, "type": "methods", "children": [{"attributes": {"access": "private", "line": 1365, "name": "__collectStylesOfElementCollection"}, "type": "method", "children": [{"attributes": {}, "type": "params", "children": [{"attributes": {"name": "elementCollection"}, "type": "param", "children": [{"attributes": {"text": "<p>Array of elements to collect styles from.</p>"}, "type": "desc"}, {"attributes": {}, "type": "types", "children": [{"attributes": {"type": "Array"}, "type": "entry"}]}]}]}, {"attributes": {"text": "<p>Processes the given element collection and collects the applied <span class=\"caps\">CSS</span>\nstyles. Does some additional corrections on the styles to retrieve the\ncorrect values.</p>"}, "type": "desc"}, {"attributes": {}, "type": "return", "children": [{"attributes": {"text": "<p>collected styles in a map.</p>"}, "type": "desc"}, {"attributes": {}, "type": "types", "children": [{"attributes": {"type": "Map"}, "type": "entry"}]}]}]}, {"attributes": {"access": "private", "line": 293, "name": "__executeCommand"}, "type": "method", "children": [{"attributes": {}, "type": "params", "children": [{"attributes": {"name": "command"}, "type": "param", "children": [{"attributes": {"text": "<p>command to execute</p>"}, "type": "desc"}, {"attributes": {}, "type": "types", "children": [{"attributes": {"type": "String"}, "type": "entry"}]}]}, {"attributes": {"name": "ui"}, "type": "param", "children": [{"attributes": {"text": "<p>Whether to show an ui when executing a command. Default is false.</p>"}, "type": "desc"}, {"attributes": {}, "type": "types", "children": [{"attributes": {"type": "Boolean"}, "type": "entry"}]}]}, {"attributes": {"name": "value"}, "type": "param", "children": [{"attributes": {"text": "<p>value of the command</p>"}, "type": "desc"}, {"attributes": {}, "type": "types", "children": [{"attributes": {"type": "String"}, "type": "entry"}, {"attributes": {"type": "Integer"}, "type": "entry"}, {"attributes": {"type": "null"}, "type": "entry"}]}]}]}, {"attributes": {"text": "<p>Internal method to deal with special cases when executing commands</p>"}, "type": "desc"}, {"attributes": {}, "type": "return", "children": [{"attributes": {"text": "<p>Success of operation</p>"}, "type": "desc"}, {"attributes": {}, "type": "types", "children": [{"attributes": {"type": "Boolean"}, "type": "entry"}]}]}]}, {"attributes": {"access": "private", "line": 1221, "name": "__generateHelperNodes"}, "type": "method", "children": [{"attributes": {"text": "<p>Helper function which generates a documentFragment of <span>-tags\nwhich can be used to apply the current style to an element.</p>\n\n<p>*** <span class=\"caps\">ONLY</span> IN <span class=\"caps\">USE</span> <span class=\"caps\">FOR</span> <span class=\"caps\">GECKO</span> ***</p>"}, "type": "desc"}, {"attributes": {}, "type": "return", "children": [{"attributes": {"text": "<p>documentFragment containing styled elements</p>"}, "type": "desc"}, {"attributes": {}, "type": "types", "children": [{"attributes": {"type": "DocumentFragment"}, "type": "entry"}]}]}]}, {"attributes": {"access": "private", "line": 1161, "name": "__generateHelperString"}, "type": "method", "children": [{"attributes": {}, "type": "params", "children": [{"attributes": {"name": "groupedStyles"}, "type": "param", "children": [{"attributes": {"text": "<p>Data structure with grouped styles. Structure of the &#8220;__getCurrentStylesGrouped&#8221; method.</p>"}, "type": "desc"}, {"attributes": {}, "type": "types", "children": [{"attributes": {"type": "Map"}, "type": "entry"}]}]}]}, {"attributes": {"text": "<p>Helper function which generates a string containing <span class=\"caps\">HTML</span> which can be\nused to apply the current style to an element.</p>\n\n<p>*** <span class=\"caps\">ONLY</span> IN <span class=\"caps\">USE</span> <span class=\"caps\">FOR</span> <span class=\"caps\">GECKO</span> ***</p>"}, "type": "desc"}, {"attributes": {}, "type": "return", "children": [{"attributes": {"text": "<p>String containing tags with special style settings.</p>"}, "type": "desc"}, {"attributes": {}, "type": "types", "children": [{"attributes": {"type": "String"}, "type": "entry"}]}]}]}, {"attributes": {"access": "private", "line": 987, "name": "__generateImageFormatElements"}, "type": "method", "children": [{"attributes": {}, "type": "params", "children": [{"attributes": {"name": "startNode"}, "type": "param", "children": [{"attributes": {"text": "<p>start node for getting current styles</p>"}, "type": "desc"}, {"attributes": {}, "type": "types", "children": [{"attributes": {"type": "Node"}, "type": "entry"}]}]}]}, {"attributes": {"text": "<p>Generate &#8220;span&#8221; elements to &#8220;save&#8221; the formatting after an image\nwas inserted.</p>"}, "type": "desc"}, {"attributes": {}, "type": "return", "children": [{"attributes": {"text": "<p>format elements</p>"}, "type": "desc"}, {"attributes": {}, "type": "types", "children": [{"attributes": {"type": "Node"}, "type": "entry"}]}]}]}, {"attributes": {"access": "private", "line": 1490, "name": "__getBackgroundColor"}, "type": "method", "children": [{"attributes": {}, "type": "params", "children": [{"attributes": {"name": "parents"}, "type": "param", "children": [{"attributes": {"text": "<p>List with element&#8217;s parents.</p>"}, "type": "desc"}, {"attributes": {}, "type": "types", "children": [{"attributes": {"type": "Array"}, "type": "entry"}]}]}]}, {"attributes": {"text": "<p>Helper function which walks over all given parent\nelements and searches for an valid value for &#8220;background-color&#8221;.</p>\n\n<p>Returns the computed value of &#8220;background-color&#8221; of one parent\nelement, if it contains a <em>real</em> color.</p>"}, "type": "desc"}, {"attributes": {}, "type": "return", "children": [{"attributes": {"text": "<p>Background color value.</p>"}, "type": "desc"}, {"attributes": {}, "type": "types", "children": [{"attributes": {"type": "String"}, "type": "entry"}]}]}]}, {"attributes": {"access": "private", "line": 1272, "name": "__getCurrentStylesGrouped"}, "type": "method", "children": [{"attributes": {}, "type": "params", "children": [{"attributes": {"defaultValue": "null", "optional": true, "name": "elem"}, "type": "param", "children": [{"attributes": {"text": "<p>optional element as root node</p>"}, "type": "desc"}, {"attributes": {}, "type": "types", "children": [{"attributes": {"type": "Node"}, "type": "entry"}]}]}]}, {"attributes": {"text": "<p>Works with the current styles and creates a hierarchy which can be\nused to create nodes or strings out of the hierarchy.</p>\n\n<p>*** <span class=\"caps\">ONLY</span> IN <span class=\"caps\">USE</span> <span class=\"caps\">FOR</span> <span class=\"caps\">GECKO</span> ***</p>"}, "type": "desc"}, {"attributes": {}, "type": "return", "children": [{"attributes": {"text": "<p>Hierarchy with style information</p>"}, "type": "desc"}, {"attributes": {}, "type": "types", "children": [{"attributes": {"type": "Map"}, "type": "entry"}]}]}]}, {"attributes": {"access": "private", "line": 1969, "name": "__getSelectedHtml"}, "type": "method", "children": [{"attributes": {"text": "<p>returns the content of the actual range as text</p>"}, "type": "desc"}, {"attributes": {}, "type": "return", "children": [{"attributes": {"text": "<p>selected text</p>"}, "type": "desc"}, {"attributes": {}, "type": "types", "children": [{"attributes": {"type": "String"}, "type": "entry"}]}]}]}, {"attributes": {"access": "private", "line": 1959, "name": "__getSelectedText"}, "type": "method", "children": [{"attributes": {"text": "<p>Returns the content of the actual range as text</p>"}, "type": "desc"}, {"attributes": {}, "type": "return", "children": [{"attributes": {"text": "<p>selected text</p>"}, "type": "desc"}, {"attributes": {}, "type": "types", "children": [{"attributes": {"type": "String"}, "type": "entry"}]}]}]}, {"attributes": {"access": "private", "line": 1, "name": "__getTargetRange"}, "type": "method", "children": [{"attributes": {"text": "<p>Returns the range to operate on</p>"}, "type": "desc"}, {"attributes": {}, "type": "return", "children": [{"attributes": {"text": "<p>native range object</p>"}, "type": "desc"}, {"attributes": {}, "type": "types", "children": [{"attributes": {"type": "Range"}, "type": "entry"}]}]}]}, {"attributes": {"access": "private", "line": 1453, "name": "__getTextDecorations"}, "type": "method", "children": [{"attributes": {}, "type": "params", "children": [{"attributes": {"name": "parents"}, "type": "param", "children": [{"attributes": {"text": "<p>List with element&#8217;s parents.</p>"}, "type": "desc"}, {"attributes": {}, "type": "types", "children": [{"attributes": {"type": "Array"}, "type": "entry"}]}]}]}, {"attributes": {"text": "<p>Helper function which walks over all given parent\nelements and stores all text-decoration values and colors.</p>\n\n<p>Returns an array containing all computed values of &#8220;text-decoration&#8221;\nand &#8220;text-color&#8221;.</p>"}, "type": "desc"}, {"attributes": {}, "type": "return", "children": [{"attributes": {"text": "<p>List containing style information about element&#8217;s parents.</p>"}, "type": "desc"}, {"attributes": {}, "type": "types", "children": [{"attributes": {"type": "Array"}, "type": "entry"}]}]}]}, {"attributes": {"access": "private", "line": 1, "name": "__hideSuperfluousParagraph"}, "type": "method", "children": [{"attributes": {"text": "<p>Gecko inserts a superfluous paragraph despite our own paragraph\nhandling. If detected we remove this element</p>"}, "type": "desc"}]}, {"attributes": {"access": "private", "line": 280, "name": "__insertHelperParagraph"}, "type": "method", "children": [{"attributes": {"text": "<p>Inserts a paragraph tag around selection or at the insert point\nusing executeCommand.</p>"}, "type": "desc"}]}, {"attributes": {"access": "private", "line": 1138, "name": "__insertHr"}, "type": "method", "children": [{"attributes": {}, "type": "params", "children": [{"attributes": {"name": "value"}, "type": "param", "children": [{"attributes": {"text": "<p>empty value</p>"}, "type": "desc"}, {"attributes": {}, "type": "types", "children": [{"attributes": {"type": "String"}, "type": "entry"}]}]}, {"attributes": {"name": "commandObject"}, "type": "param", "children": [{"attributes": {"text": "<p>command infos</p>"}, "type": "desc"}, {"attributes": {}, "type": "types", "children": [{"attributes": {"type": "Object"}, "type": "entry"}]}]}]}, {"attributes": {"text": "<p>Internal method to insert an horizontal ruler in the document</p>"}, "type": "desc"}, {"attributes": {}, "type": "return", "children": [{"attributes": {"text": "<p>Success of operation</p>"}, "type": "desc"}, {"attributes": {}, "type": "types", "children": [{"attributes": {"type": "Boolean"}, "type": "entry"}]}]}]}, {"attributes": {"access": "private", "line": 748, "name": "__insertList"}, "type": "method", "children": [{"attributes": {}, "type": "params", "children": [{"attributes": {"name": "value"}, "type": "param", "children": [{"attributes": {"text": "<p>list value</p>"}, "type": "desc"}, {"attributes": {}, "type": "types", "children": [{"attributes": {"type": "String"}, "type": "entry"}]}]}, {"attributes": {"name": "commandObject"}, "type": "param", "children": [{"attributes": {"text": "<p>command object</p>"}, "type": "desc"}, {"attributes": {}, "type": "types", "children": [{"attributes": {"type": "Object"}, "type": "entry"}]}]}]}, {"attributes": {"text": "<p>Inserts a list.\nEnsures that the list is inserted without indents. If any indents are\npresent they are removed before inserting the list.\nThis only applies for IE since other browsers are removing the indents\nas default.</p>"}, "type": "desc"}, {"attributes": {}, "type": "return", "children": [{"attributes": {"text": "<p>Success of operation</p>"}, "type": "desc"}, {"attributes": {}, "type": "types", "children": [{"attributes": {"type": "Boolean"}, "type": "entry"}]}]}]}, {"attributes": {"access": "private", "line": 782, "name": "__manualOutdent"}, "type": "method", "children": [{"attributes": {}, "type": "params", "children": [{"attributes": {"name": "startNode"}, "type": "param", "children": [{"attributes": {"text": "<p>starting point of the lookup</p>"}, "type": "desc"}, {"attributes": {}, "type": "types", "children": [{"attributes": {"type": "Node"}, "type": "entry"}]}]}]}, {"attributes": {"text": "<p>This little helper method takes a node as argument and looks along the\nparent hierarchy for any &#8220;blockquote&#8221; elements and removes them.</p>"}, "type": "desc"}]}, {"attributes": {"access": "private", "line": 244, "name": "__paragraphMissing"}, "type": "method", "children": [{"attributes": {"text": "<p>Checks if the focus node is not inside a paragraph tag.</p>"}, "type": "desc"}, {"attributes": {}, "type": "return", "children": [{"attributes": {"text": "<p>True if no paragraph is found, otherwise false.</p>"}, "type": "desc"}, {"attributes": {}, "type": "types", "children": [{"attributes": {"type": "Boolean"}, "type": "entry"}]}]}]}, {"attributes": {"access": "private", "line": 128, "name": "__populateCommandList"}, "type": "method", "children": [{"attributes": {"text": "<p>Populate the internal &#8220;commands&#8221; object with the available commands and their settings.</p>"}, "type": "desc"}]}, {"attributes": {"access": "private", "line": 1408, "name": "__processCollectedStyles"}, "type": "method", "children": [{"attributes": {}, "type": "params", "children": [{"attributes": {"name": "collectedStyles"}, "type": "param", "children": [{"attributes": {"text": "<p>All styles which should be processed</p>"}, "type": "desc"}, {"attributes": {}, "type": "types", "children": [{"attributes": {"type": "Map"}, "type": "entry"}]}]}, {"attributes": {"name": "elementAndParents"}, "type": "param", "children": [{"attributes": {"text": "<p>Array of all elements and their parent element to process</p>"}, "type": "desc"}, {"attributes": {}, "type": "types", "children": [{"attributes": {"type": "Array"}, "type": "entry"}]}]}]}, {"attributes": {"text": "<p>Walks over the collected styles and gets inherited value of each.</p>"}, "type": "desc"}, {"attributes": {}, "type": "return", "children": [{"attributes": {"text": "<p>processed styles</p>"}, "type": "desc"}, {"attributes": {}, "type": "types", "children": [{"attributes": {"type": "Map"}, "type": "entry"}]}]}]}, {"attributes": {"access": "private", "line": 1829, "name": "__setBackgroundColor"}, "type": "method", "children": [{"attributes": {}, "type": "params", "children": [{"attributes": {"name": "value"}, "type": "param", "children": [{"attributes": {"text": "<p>color info</p>"}, "type": "desc"}, {"attributes": {}, "type": "types", "children": [{"attributes": {"type": "String"}, "type": "entry"}]}]}, {"attributes": {"name": "commandObject"}, "type": "param", "children": [{"attributes": {"text": "<p>command infos</p>"}, "type": "desc"}, {"attributes": {}, "type": "types", "children": [{"attributes": {"type": "Object"}, "type": "entry"}]}]}]}, {"attributes": {"text": "<p>Internal method to set a background color for the whole document</p>"}, "type": "desc"}, {"attributes": {}, "type": "return", "children": [{"attributes": {"text": "<p>Success of operation</p>"}, "type": "desc"}, {"attributes": {}, "type": "types", "children": [{"attributes": {"type": "Boolean"}, "type": "entry"}]}]}]}, {"attributes": {"access": "private", "line": 1845, "name": "__setBackgroundImage"}, "type": "method", "children": [{"attributes": {}, "type": "params", "children": [{"attributes": {"name": "value"}, "type": "param", "children": [{"attributes": {"text": "<p>Array consisting of url [0], background-repeat [1] and background-position [2]</p>"}, "type": "desc"}, {"attributes": {}, "type": "types", "children": [{"attributes": {"type": "Array"}, "type": "entry"}]}]}, {"attributes": {"name": "commandObject"}, "type": "param", "children": [{"attributes": {"text": "<p>command infos</p>"}, "type": "desc"}, {"attributes": {}, "type": "types", "children": [{"attributes": {"type": "Object"}, "type": "entry"}]}]}]}, {"attributes": {"text": "<p>Sets the background image of the document</p>"}, "type": "desc"}, {"attributes": {}, "type": "return", "children": [{"attributes": {"text": "<p>Success of operation</p>"}, "type": "desc"}, {"attributes": {}, "type": "types", "children": [{"attributes": {"type": "Boolean"}, "type": "entry"}]}]}]}, {"attributes": {"access": "private", "line": 1, "name": "__setBold"}, "type": "method", "children": [{"attributes": {}, "type": "params", "children": [{"attributes": {"name": "value"}, "type": "param", "children": [{"attributes": {"text": "<p>command value</p>"}, "type": "desc"}, {"attributes": {}, "type": "types", "children": [{"attributes": {"type": "String"}, "type": "entry"}]}]}, {"attributes": {"name": "commandObject"}, "type": "param", "children": [{"attributes": {"text": "<p>command infos</p>"}, "type": "desc"}, {"attributes": {}, "type": "types", "children": [{"attributes": {"type": "Object"}, "type": "entry"}]}]}]}, {"attributes": {"text": "<p>Special implementation for Gecko browser to fix the wrong formatting\nat the beginning of a new line.</p>"}, "type": "desc"}, {"attributes": {}, "type": "return", "children": [{"attributes": {"text": "<p>Success of operation</p>"}, "type": "desc"}, {"attributes": {}, "type": "types", "children": [{"attributes": {"type": "Boolean"}, "type": "entry"}]}]}]}, {"attributes": {"access": "private", "line": 1519, "name": "__setFontSize"}, "type": "method", "children": [{"attributes": {}, "type": "params", "children": [{"attributes": {"name": "value"}, "type": "param", "children": [{"attributes": {"text": "<p>font size number (as used for <font> tags)</p>"}, "type": "desc"}, {"attributes": {}, "type": "types", "children": [{"attributes": {"type": "String"}, "type": "entry"}]}]}, {"attributes": {"name": "commandObject"}, "type": "param", "children": [{"attributes": {"text": "<p>command infos</p>"}, "type": "desc"}, {"attributes": {}, "type": "types", "children": [{"attributes": {"type": "Object"}, "type": "entry"}]}]}]}, {"attributes": {"text": "<p>Internal method to change the font size of the selection.\nMost of the code is used to change the size of the bullet points\nsynchronous to it&#8217;s content.</p>"}, "type": "desc"}, {"attributes": {}, "type": "return", "children": [{"attributes": {"text": "<p>Success of operation</p>"}, "type": "desc"}, {"attributes": {}, "type": "types", "children": [{"attributes": {"type": "Boolean"}, "type": "entry"}]}]}]}, {"attributes": {"access": "private", "line": 1, "name": "__setItalic"}, "type": "method", "children": [{"attributes": {}, "type": "params", "children": [{"attributes": {"name": "value"}, "type": "param", "children": [{"attributes": {"text": "<p>command value</p>"}, "type": "desc"}, {"attributes": {}, "type": "types", "children": [{"attributes": {"type": "String"}, "type": "entry"}]}]}, {"attributes": {"name": "commandObject"}, "type": "param", "children": [{"attributes": {"text": "<p>command infos</p>"}, "type": "desc"}, {"attributes": {}, "type": "types", "children": [{"attributes": {"type": "Object"}, "type": "entry"}]}]}]}, {"attributes": {"text": "<p>Special implementation for Gecko browser to fix the wrong formatting\nat the beginning of a new line.</p>"}, "type": "desc"}, {"attributes": {}, "type": "return", "children": [{"attributes": {"text": "<p>Success of operation</p>"}, "type": "desc"}, {"attributes": {}, "type": "types", "children": [{"attributes": {"type": "Boolean"}, "type": "entry"}]}]}]}, {"attributes": {"access": "private", "line": 1, "name": "__setStrikeThrough"}, "type": "method", "children": [{"attributes": {}, "type": "params", "children": [{"attributes": {"name": "value"}, "type": "param", "children": [{"attributes": {"text": "<p>color info</p>"}, "type": "desc"}, {"attributes": {}, "type": "types", "children": [{"attributes": {"type": "String"}, "type": "entry"}]}]}, {"attributes": {"name": "commandObject"}, "type": "param", "children": [{"attributes": {"text": "<p>command infos</p>"}, "type": "desc"}, {"attributes": {}, "type": "types", "children": [{"attributes": {"type": "Object"}, "type": "entry"}]}]}]}, {"attributes": {"text": "<p>Special implementation for Gecko browser to fix the wrong formatting\nat the beginning of a new line.</p>\n\n<p>Special implementation for webkit browser to set the text-decoration\nstrikethrough. In webkit the apply of text-decoration is different to other\nbrowsers and cannot be performed with an <code>execCommand</code></p>"}, "type": "desc"}, {"attributes": {}, "type": "return", "children": [{"attributes": {"text": "<p>Success of operation</p>"}, "type": "desc"}, {"attributes": {}, "type": "types", "children": [{"attributes": {"type": "Boolean"}, "type": "entry"}]}]}]}, {"attributes": {"access": "private", "line": 729, "name": "__setTextAlign"}, "type": "method", "children": [{"attributes": {}, "type": "params", "children": [{"attributes": {"name": "value"}, "type": "param", "children": [{"attributes": {"text": "<p>text align value</p>"}, "type": "desc"}, {"attributes": {}, "type": "types", "children": [{"attributes": {"type": "String"}, "type": "entry"}]}]}, {"attributes": {"name": "commandObject"}, "type": "param", "children": [{"attributes": {"text": "<p>command object</p>"}, "type": "desc"}, {"attributes": {}, "type": "types", "children": [{"attributes": {"type": "Object"}, "type": "entry"}]}]}]}, {"attributes": {"text": "<p>Helper function to set a text align on a range.\nIn IE we need to explicitly get the current range before executing\nthe font size command on it.</p>"}, "type": "desc"}, {"attributes": {}, "type": "return", "children": [{"attributes": {"text": "<p>Success of operation</p>"}, "type": "desc"}, {"attributes": {}, "type": "types", "children": [{"attributes": {"type": "Boolean"}, "type": "entry"}]}]}]}, {"attributes": {"access": "private", "line": 1, "name": "__setUnderline"}, "type": "method", "children": [{"attributes": {}, "type": "params", "children": [{"attributes": {"name": "value"}, "type": "param", "children": [{"attributes": {"text": "<p>color info</p>"}, "type": "desc"}, {"attributes": {}, "type": "types", "children": [{"attributes": {"type": "String"}, "type": "entry"}]}]}, {"attributes": {"name": "commandObject"}, "type": "param", "children": [{"attributes": {"text": "<p>command infos</p>"}, "type": "desc"}, {"attributes": {}, "type": "types", "children": [{"attributes": {"type": "Object"}, "type": "entry"}]}]}]}, {"attributes": {"text": "<p>Special implementation for Gecko browser to fix the wrong formatting\nat the beginning of a new line.</p>\n\n<p>Special implementation for webkit browser to set the text-decoration\nunderline. In webkit the apply of text-decoration is different to other\nbrowsers and cannot be performed with an <code>execCommand</code></p>"}, "type": "desc"}, {"attributes": {}, "type": "return", "children": [{"attributes": {"text": "<p>Success of operation</p>"}, "type": "desc"}, {"attributes": {}, "type": "types", "children": [{"attributes": {"type": "Boolean"}, "type": "entry"}]}]}]}, {"attributes": {"access": "private", "line": 1986, "name": "__syncFormattingAtBeginOfLine"}, "type": "method", "children": [{"attributes": {}, "type": "params", "children": [{"attributes": {"name": "attribute"}, "type": "param", "children": [{"attributes": {"text": "<p>Style attribute to check for</p>"}, "type": "desc"}, {"attributes": {}, "type": "types", "children": [{"attributes": {"type": "String"}, "type": "entry"}]}]}, {"attributes": {"name": "value"}, "type": "param", "children": [{"attributes": {"text": "<p>Style attribute value to check for</p>"}, "type": "desc"}, {"attributes": {}, "type": "types", "children": [{"attributes": {"type": "String"}, "type": "entry"}]}]}]}, {"attributes": {"text": "<p>Checks the formatting at the beginning of a line and resets the\nformatting manually if necessary.</p>\n\n<p>This workaround fixes the wrong behaviour of Gecko browser which does\nnot remove the formatting itself if the cursor is at the beginning of a\nnew line and the user has not entered any text yet.</p>"}, "type": "desc"}, {"attributes": {}, "type": "return", "children": [{"attributes": {"text": "<p>Whether the formatting was removed manually</p>"}, "type": "desc"}, {"attributes": {}, "type": "types", "children": [{"attributes": {"type": "Boolean"}, "type": "entry"}]}]}]}, {"attributes": {"line": 184, "name": "execute"}, "type": "method", "children": [{"attributes": {}, "type": "params", "children": [{"attributes": {"name": "command"}, "type": "param", "children": [{"attributes": {"text": "<p>Command to execute</p>"}, "type": "desc"}, {"attributes": {}, "type": "types", "children": [{"attributes": {"type": "String"}, "type": "entry"}]}]}, {"attributes": {"defaultValue": "null", "optional": true, "name": "value"}, "type": "param", "children": [{"attributes": {"text": "<p>Value of the command (if any)</p>"}, "type": "desc"}, {"attributes": {}, "type": "types", "children": [{"attributes": {"type": "String"}, "type": "entry"}, {"attributes": {"type": "Integer"}, "type": "entry"}]}]}]}, {"attributes": {"text": "<p>Executes the given command</p>"}, "type": "desc"}, {"attributes": {}, "type": "return", "children": [{"attributes": {"text": "<p>Result of operation</p>"}, "type": "desc"}, {"attributes": {}, "type": "types", "children": [{"attributes": {"type": "Boolean"}, "type": "entry"}]}]}]}, {"attributes": {"line": 115, "name": "getCommandObject"}, "type": "method", "children": [{"attributes": {}, "type": "params", "children": [{"attributes": {"name": "commandName"}, "type": "param", "children": [{"attributes": {"text": "<p>name of the command</p>"}, "type": "desc"}, {"attributes": {}, "type": "types", "children": [{"attributes": {"type": "String"}, "type": "entry"}]}]}]}, {"attributes": {"text": "<p>Returns the commandobject of the given command name</p>"}, "type": "desc"}, {"attributes": {}, "type": "return", "children": [{"attributes": {"text": "<p>commandObject or null if no command is available for the given command name</p>"}, "type": "desc"}, {"attributes": {}, "type": "types", "children": [{"attributes": {"type": "Object"}, "type": "entry"}]}]}]}, {"attributes": {"line": 1331, "name": "getCurrentStyles"}, "type": "method", "children": [{"attributes": {}, "type": "params", "children": [{"attributes": {"defaultValue": "null", "optional": true, "name": "element"}, "type": "param", "children": [{"attributes": {"text": "<p>optional element reference the lookup should start</p>"}, "type": "desc"}, {"attributes": {}, "type": "types", "children": [{"attributes": {"type": "Element"}, "type": "entry"}]}]}]}, {"attributes": {"text": "<p>Internal helper function which retrieves all style settings, which are set\non the focus node and saves them on a span element.</p>"}, "type": "desc"}, {"attributes": {}, "type": "return", "children": [{"attributes": {"text": "<p>map with all style settings with style attributes as keys.</p>"}, "type": "desc"}, {"attributes": {}, "type": "types", "children": [{"attributes": {"type": "Map"}, "type": "entry"}]}]}]}, {"attributes": {"line": 1, "name": "insertParagraphOnLinebreak"}, "type": "method", "children": [{"attributes": {"text": "<p>Inserts a paragraph when hitting the &#8220;enter&#8221; key</p>"}, "type": "desc"}, {"attributes": {}, "type": "return", "children": [{"attributes": {"text": "<p>whether the key event should be stopped or not</p>"}, "type": "desc"}, {"attributes": {}, "type": "types", "children": [{"attributes": {"type": "Boolean"}, "type": "entry"}]}]}]}, {"attributes": {"line": 100, "name": "setContentDocument"}, "type": "method", "children": [{"attributes": {}, "type": "params", "children": [{"attributes": {"name": "doc"}, "type": "param", "children": [{"attributes": {"text": "<p>contentDocument of the editor instance</p>"}, "type": "desc"}, {"attributes": {}, "type": "types", "children": [{"attributes": {"type": "Object"}, "type": "entry"}]}]}]}, {"attributes": {"text": "<p>Set the contentDocument on which this manager should execute\nhis commands</p>"}, "type": "desc"}]}]}]}