{"attributes": {"fullName": "qx.bom.Selection", "packageName": "qx.bom", "isStatic": true, "type": "bootstrap", "name": "Selection"}, "type": "class", "children": [{"attributes": {"text": "<p>Low-level selection <span class=\"caps\">API</span> to select elements like input and textarea elements\nas well as text nodes or elements which their child nodes.</p>"}, "type": "desc"}, {"attributes": {}, "type": "methods-static", "children": [{"attributes": {"access": "private", "line": 373, "isStatic": true, "name": "__isInputOrTextarea"}, "type": "method", "children": [{"attributes": {}, "type": "params", "children": [{"attributes": {"name": "node"}, "type": "param", "children": [{"attributes": {"text": "<p>node to check</p>"}, "type": "desc"}, {"attributes": {}, "type": "types", "children": [{"attributes": {"type": "Node"}, "type": "entry"}]}]}]}, {"attributes": {"text": "<p>Utility method to check for an input or textarea element</p>"}, "type": "desc"}, {"attributes": {}, "type": "return", "children": [{"attributes": {"text": "<p>Whether the given nodt is an input or textarea element</p>"}, "type": "desc"}, {"attributes": {}, "type": "types", "children": [{"attributes": {"type": "Boolean"}, "type": "entry"}]}]}]}, {"attributes": {"line": 1, "isStatic": true, "name": "get"}, "type": "method", "children": [{"attributes": {}, "type": "params", "children": [{"attributes": {"name": "node"}, "type": "param", "children": [{"attributes": {"text": "<p>node to retrieve the selection for</p>"}, "type": "desc"}, {"attributes": {}, "type": "types", "children": [{"attributes": {"type": "Node"}, "type": "entry"}]}]}]}, {"attributes": {"text": "<p>Returns the current selected text.</p>"}, "type": "desc"}, {"attributes": {}, "type": "return", "children": [{"attributes": {"text": "<p>selected text as string</p>"}, "type": "desc"}, {"attributes": {}, "type": "types", "children": [{"attributes": {"type": "String"}, "type": "entry"}, {"attributes": {"type": "null"}, "type": "entry"}]}]}]}, {"attributes": {"line": 1, "isStatic": true, "name": "getEnd"}, "type": "method", "children": [{"attributes": {}, "type": "params", "children": [{"attributes": {"name": "node"}, "type": "param", "children": [{"attributes": {"text": "<p>node to check</p>"}, "type": "desc"}, {"attributes": {}, "type": "types", "children": [{"attributes": {"type": "Node"}, "type": "entry"}]}]}]}, {"attributes": {"text": "<p>Returns the end of the selection</p>"}, "type": "desc"}, {"attributes": {}, "type": "return", "children": [{"attributes": {"text": "<p>end of current selection</p>"}, "type": "desc"}, {"attributes": {}, "type": "types", "children": [{"attributes": {"type": "Integer"}, "type": "entry"}]}]}]}, {"attributes": {"line": 1, "isStatic": true, "name": "getLength"}, "type": "method", "children": [{"attributes": {}, "type": "params", "children": [{"attributes": {"name": "node"}, "type": "param", "children": [{"attributes": {"text": "<p>Form node or document/window to check.</p>"}, "type": "desc"}, {"attributes": {}, "type": "types", "children": [{"attributes": {"type": "Node"}, "type": "entry"}]}]}]}, {"attributes": {"text": "<p>Returns the length of the selection</p>"}, "type": "desc"}, {"attributes": {}, "type": "return", "children": [{"attributes": {"text": "<p>length of the selection or null</p>"}, "type": "desc"}, {"attributes": {}, "type": "types", "children": [{"attributes": {"type": "Integer"}, "type": "entry"}, {"attributes": {"type": "null"}, "type": "entry"}]}]}]}, {"attributes": {"line": 1, "isStatic": true, "name": "getSelectionObject"}, "type": "method", "children": [{"attributes": {}, "type": "params", "children": [{"attributes": {"name": "documentNode"}, "type": "param", "children": [{"attributes": {"text": "<p>Document node to retrieve the connected selection from</p>"}, "type": "desc"}, {"attributes": {}, "type": "types", "children": [{"attributes": {"type": "document"}, "type": "entry"}]}]}]}, {"attributes": {"text": "<p>Returns the native selection object.</p>"}, "type": "desc"}, {"attributes": {}, "type": "return", "children": [{"attributes": {"text": "<p>native selection object</p>"}, "type": "desc"}, {"attributes": {}, "type": "types", "children": [{"attributes": {"type": "Selection"}, "type": "entry"}]}]}]}, {"attributes": {"line": 1, "isStatic": true, "name": "getStart"}, "type": "method", "children": [{"attributes": {}, "type": "params", "children": [{"attributes": {"name": "node"}, "type": "param", "children": [{"attributes": {"text": "<p>node to check for</p>"}, "type": "desc"}, {"attributes": {}, "type": "types", "children": [{"attributes": {"type": "Node"}, "type": "entry"}]}]}]}, {"attributes": {"text": "<p>Returns the start of the selection</p>"}, "type": "desc"}, {"attributes": {}, "type": "return", "children": [{"attributes": {"text": "<p>start of current selection or &#8221;-1&#8221; if the current selection is not within the given node</p>"}, "type": "desc"}, {"attributes": {}, "type": "types", "children": [{"attributes": {"type": "Integer"}, "type": "entry"}]}]}]}, {"attributes": {"line": 1, "isStatic": true, "name": "set"}, "type": "method", "children": [{"attributes": {}, "type": "params", "children": [{"attributes": {"name": "node"}, "type": "param", "children": [{"attributes": {"text": "<p>node to set the selection at</p>"}, "type": "desc"}, {"attributes": {}, "type": "types", "children": [{"attributes": {"type": "Node"}, "type": "entry"}]}]}, {"attributes": {"name": "start"}, "type": "param", "children": [{"attributes": {"text": "<p>start of the selection</p>"}, "type": "desc"}, {"attributes": {}, "type": "types", "children": [{"attributes": {"type": "Integer"}, "type": "entry"}]}]}, {"attributes": {"name": "end"}, "type": "param", "children": [{"attributes": {"text": "<p>end of the selection</p>"}, "type": "desc"}, {"attributes": {}, "type": "types", "children": [{"attributes": {"type": "Integer"}, "type": "entry"}]}]}]}, {"attributes": {"text": "<p>Sets a selection at the given node with the given start and end.\nFor text nodes, input and textarea elements the start and end parameters\nset the boundaries at the text.\nFor element nodes the start and end parameters are used to select the\nchildNodes of the given element.</p>"}, "type": "desc"}, {"attributes": {}, "type": "return", "children": [{"attributes": {"text": "<p>whether a selection is drawn</p>"}, "type": "desc"}, {"attributes": {}, "type": "types", "children": [{"attributes": {"type": "Boolean"}, "type": "entry"}]}]}]}, {"attributes": {"line": 588, "isStatic": true, "name": "setAll"}, "type": "method", "children": [{"attributes": {}, "type": "params", "children": [{"attributes": {"name": "node"}, "type": "param", "children": [{"attributes": {"text": "<p>text, element or document node</p>"}, "type": "desc"}, {"attributes": {}, "type": "types", "children": [{"attributes": {"type": "Node"}, "type": "entry"}]}]}]}, {"attributes": {"text": "<p>Selects all content/childNodes of the given node</p>"}, "type": "desc"}, {"attributes": {}, "type": "return", "children": [{"attributes": {"text": "<p>whether a selection is drawn</p>"}, "type": "desc"}, {"attributes": {}, "type": "types", "children": [{"attributes": {"type": "Boolean"}, "type": "entry"}]}]}]}]}, {"attributes": {}, "type": "constants", "children": [{"attributes": {"name": "clear"}, "type": "constant", "children": [{"attributes": {"text": "<p>Clears the selection on the given node.</p><p>node to clear the selection for</p>"}, "type": "desc"}, {"attributes": {}, "type": "types", "children": [{"attributes": {"type": "Node"}, "type": "entry"}]}]}]}]}