{"attributes": {"fullName": "qx.bom.Lifecycle", "packageName": "qx.bom", "isStatic": true, "type": "class", "name": "Lifecycle"}, "type": "class", "children": [{"attributes": {"text": "<p>Low-level application life-cycle management.</p>\n\n<p>One can use the static methods {@link #onReady} and {@link #onShutdown} to\nadd callback functions, in order to get informed about the ready state or\nthe shutdown of the low-level application, respectively.</p>"}, "type": "desc"}, {"attributes": {}, "type": "methods-static", "children": [{"attributes": {"line": 41, "isStatic": true, "name": "onReady"}, "type": "method", "children": [{"attributes": {}, "type": "params", "children": [{"attributes": {"name": "callback"}, "type": "param", "children": [{"attributes": {"text": "<p>callback function</p>"}, "type": "desc"}, {"attributes": {}, "type": "types", "children": [{"attributes": {"type": "Function"}, "type": "entry"}]}]}, {"attributes": {"defaultValue": "window", "optional": true, "name": "context"}, "type": "param", "children": [{"attributes": {"text": "<p>context in which the callback is called</p>"}, "type": "desc"}, {"attributes": {}, "type": "types", "children": [{"attributes": {"type": "Object"}, "type": "entry"}]}]}]}, {"attributes": {"text": "<p>Register a callback function, which is called in the optionally provided\ncontext, when the application is ready.</p>"}, "type": "desc"}]}, {"attributes": {"line": 66, "isStatic": true, "name": "onShutdown"}, "type": "method", "children": [{"attributes": {}, "type": "params", "children": [{"attributes": {"name": "callback"}, "type": "param", "children": [{"attributes": {"text": "<p>callback function</p>"}, "type": "desc"}, {"attributes": {}, "type": "types", "children": [{"attributes": {"type": "Function"}, "type": "entry"}]}]}, {"attributes": {"defaultValue": "window", "optional": true, "name": "context"}, "type": "param", "children": [{"attributes": {"text": "<p>context in which the callback is called</p>"}, "type": "desc"}, {"attributes": {}, "type": "types", "children": [{"attributes": {"type": "Object"}, "type": "entry"}]}]}]}, {"attributes": {"text": "<p>Register a callback function, which is called in the optionally provided\ncontext, when the application is shutdown.\n<b><span class=\"caps\">IMPORTANT</span> <span class=\"caps\">NOTE</span></b>: Since it is <i>not</i> guaranteed that a\n<code>shutdown</code> event is fired, you <i>cannot</i> fully rely on\ngetting informed.</p>"}, "type": "desc"}]}]}]}