{"attributes": {"name": "MediaQuery", "packageName": "qx.bom", "superClass": "qx.event.Emitter", "childClasses": "qx.bom.MediaQueryListener", "fullName": "qx.bom.MediaQuery", "type": "bootstrap"}, "type": "class", "children": [{"attributes": {"text": "<p>This class is to test css media queries. It implements a polyfill for\nwindow.matchMedia if not supported natively.</p>"}, "type": "desc"}, {"attributes": {}, "type": "constructor", "children": [{"attributes": {"line": 64, "isCtor": true, "name": "ctor"}, "type": "method", "children": [{"attributes": {}, "type": "params", "children": [{"attributes": {"name": "query"}, "type": "param", "children": [{"attributes": {"text": "<p>the media query to evaluate</p>"}, "type": "desc"}, {"attributes": {}, "type": "types", "children": [{"attributes": {"type": "String"}, "type": "entry"}]}]}, {"attributes": {"defaultValue": "window", "optional": true, "name": "ctxWindow"}, "type": "param", "children": [{"attributes": {"text": "<p>the window object which should be operated on</p>"}, "type": "desc"}, {"attributes": {}, "type": "types", "children": [{"attributes": {"type": "Object"}, "type": "entry"}]}]}]}, {"attributes": {"text": ""}, "type": "desc"}]}]}, {"attributes": {}, "type": "events", "children": [{"attributes": {"name": "change"}, "type": "event", "children": [{"attributes": {"text": "<p>Fires each time the media query state changes. The event data is a map\nwith two keys:</p>\n\n<p><b>query</b> The media query string</p>\n\n<p><b>matches</b> A boolean that indicates whether the document\nmatches the query</p>"}, "type": "desc"}, {"attributes": {}, "type": "types", "children": [{"attributes": {"type": "Map"}, "type": "entry"}]}]}]}, {"attributes": {}, "type": "constants", "children": [{"attributes": {"type": "String", "name": "version", "value": "2.0.1"}, "type": "constant", "children": [{"attributes": {"text": "<p>The media.match.js version</p>"}, "type": "desc"}]}]}, {"attributes": {}, "type": "methods", "children": [{"attributes": {"access": "private", "line": 147, "name": "__changed"}, "type": "method", "children": [{"attributes": {"text": "<p>Callback for mediaqueries changes</p>"}, "type": "desc"}]}, {"attributes": {"access": "private", "line": 140, "name": "__init"}, "type": "method", "children": [{"attributes": {"text": "<p>Initialize the mediaquery listener</p>"}, "type": "desc"}]}, {"attributes": {"access": "private", "line": 156, "name": "__initMatchMedia"}, "type": "method", "children": [{"attributes": {}, "type": "params", "children": [{"attributes": {"name": "window"}, "type": "param", "children": [{"attributes": {"text": "<p>The window object matchMedia should be attached to</p>"}, "type": "desc"}, {"attributes": {}, "type": "types", "children": [{"attributes": {"type": "Window"}, "type": "entry"}]}]}]}, {"attributes": {"text": "<p>Initialize matchMedia polyfill</p>"}, "type": "desc"}]}, {"attributes": {"line": 123, "name": "getQuery"}, "type": "method", "children": [{"attributes": {"text": "<p>Returns the query string used to initialize the listener.</p>"}, "type": "desc"}, {"attributes": {}, "type": "return", "children": [{"attributes": {"text": "<p>The given query string.</p>"}, "type": "desc"}, {"attributes": {}, "type": "types", "children": [{"attributes": {"type": "String"}, "type": "entry"}]}]}]}, {"attributes": {"line": 132, "name": "isMatching"}, "type": "method", "children": [{"attributes": {"text": "<p>Access the matching state of the media query.</p>"}, "type": "desc"}, {"attributes": {}, "type": "return", "children": [{"attributes": {"text": "<code>true</code>, if the query matches."}, "type": "desc"}, {"attributes": {}, "type": "types", "children": [{"attributes": {"type": "Boolean"}, "type": "entry"}]}]}]}]}]}