{"attributes": {"fullName": "qx.bom.element.AnimationCss", "packageName": "qx.bom.element", "isStatic": true, "type": "bootstrap", "name": "AnimationCss"}, "type": "class", "children": [{"attributes": {"text": "<p>This class is responsible for applying CSS3 animations to plain <span class=\"caps\">DOM</span> elements.</p>\n\n<p>The implementation is mostly a cross-browser wrapper for applying the\nanimations, including transforms. If the browser does not support\n<span class=\"caps\">CSS</span> animations, but you have set a keep frame, the keep frame will be applied\nimmediately, thus making the animations optional.</p>\n\n<p>The <span class=\"caps\">API</span> aligns closely to the spec wherever possible.</p>\n\n<p><a href=\"http://www.w3.org/TR/css3-animations/\">http://www.w3.org/TR/css3-animations/</a></p>\n\n<p>{@link qx.bom.element.Animation} is the class, which takes care of the\nfeature detection for <span class=\"caps\">CSS</span> animations and decides which implementation\n(CSS or JavaScript) should be used. Most likely, this implementation should\nbe the one to use.</p>"}, "type": "desc"}, {"attributes": {}, "type": "methods-static", "children": [{"attributes": {"access": "private", "line": 335, "isStatic": true, "name": "__addKeyFrames"}, "type": "method", "children": [{"attributes": {}, "type": "params", "children": [{"attributes": {"name": "frames"}, "type": "param", "children": [{"attributes": {"text": "<p>A map of key frames that describe the animation.</p>"}, "type": "desc"}, {"attributes": {}, "type": "types", "children": [{"attributes": {"type": "Map"}, "type": "entry"}]}]}, {"attributes": {"name": "reverse"}, "type": "param", "children": [{"attributes": {"text": "<code>true</code>, if the key frames should be added in reverse order."}, "type": "desc"}, {"attributes": {}, "type": "types", "children": [{"attributes": {"type": "Boolean"}, "type": "entry"}]}]}]}, {"attributes": {"text": "<p>Helper to add the given frames to an internal <span class=\"caps\">CSS</span> stylesheet. It parses\nthe description and adds the key frames to the sheet.</p>"}, "type": "desc"}, {"attributes": {}, "type": "return", "children": [{"attributes": {"text": "<p>The generated name of the keyframes rule.</p>"}, "type": "desc"}, {"attributes": {}, "type": "types", "children": [{"attributes": {"type": "String"}, "type": "entry"}]}]}]}, {"attributes": {"access": "private", "line": 247, "isStatic": true, "name": "__keepFrame"}, "type": "method", "children": [{"attributes": {}, "type": "params", "children": [{"attributes": {"name": "el"}, "type": "param", "children": [{"attributes": {"text": "<p>The element to apply the frame to.</p>"}, "type": "desc"}, {"attributes": {}, "type": "types", "children": [{"attributes": {"type": "Element"}, "type": "entry"}]}]}, {"attributes": {"name": "endFrame"}, "type": "param", "children": [{"attributes": {"text": "<p>The description of the end frame, which is basically a map containing <span class=\"caps\">CSS</span> properties and values including transforms.</p>"}, "type": "desc"}, {"attributes": {}, "type": "types", "children": [{"attributes": {"type": "Map"}, "type": "entry"}]}]}]}, {"attributes": {"text": "<p>Helper method which takes an element and a key frame description and\napplies the properties defined in the given frame to the element. This\nmethod is used to keep the state of the animation.</p>"}, "type": "desc"}]}, {"attributes": {"access": "private", "line": 273, "isStatic": true, "name": "__normalizeDesc"}, "type": "method", "children": [{"attributes": {}, "type": "params", "children": [{"attributes": {"name": "desc"}, "type": "param", "children": [{"attributes": {"text": "<p>The description of the animation.</p>"}, "type": "desc"}, {"attributes": {}, "type": "types", "children": [{"attributes": {"type": "Map"}, "type": "entry"}]}]}]}, {"attributes": {"text": "<p>Preprocessing of the description to make sure every necessary key is\nset to its default.</p>"}, "type": "desc"}]}, {"attributes": {"access": "private", "line": 200, "isStatic": true, "name": "__onAnimationEnd"}, "type": "method", "children": [{"attributes": {}, "type": "params", "children": [{"attributes": {"name": "e"}, "type": "param", "children": [{"attributes": {"text": "<p>The native event from the browser.</p>"}, "type": "desc"}, {"attributes": {}, "type": "types", "children": [{"attributes": {"type": "Event"}, "type": "entry"}]}]}]}, {"attributes": {"text": "<p>Handler for the animation end.</p>"}, "type": "desc"}]}, {"attributes": {"access": "private", "line": 186, "isStatic": true, "name": "__onAnimationIteration"}, "type": "method", "children": [{"attributes": {}, "type": "params", "children": [{"attributes": {"name": "e"}, "type": "param", "children": [{"attributes": {"text": "<p>The native event from the browser.</p>"}, "type": "desc"}, {"attributes": {}, "type": "types", "children": [{"attributes": {"type": "Event"}, "type": "entry"}]}]}]}, {"attributes": {"text": "<p>Handler for the animation iteration.</p>"}, "type": "desc"}]}, {"attributes": {"access": "private", "line": 177, "isStatic": true, "name": "__onAnimationStart"}, "type": "method", "children": [{"attributes": {}, "type": "params", "children": [{"attributes": {"name": "e"}, "type": "param", "children": [{"attributes": {"text": "<p>The native event from the browser.</p>"}, "type": "desc"}, {"attributes": {}, "type": "types", "children": [{"attributes": {"type": "Event"}, "type": "entry"}]}]}]}, {"attributes": {"text": "<p>Handler for the animation start.</p>"}, "type": "desc"}]}, {"attributes": {"access": "private", "line": 1, "isStatic": true, "name": "__validateDesc"}, "type": "method", "children": [{"attributes": {}, "type": "params", "children": [{"attributes": {"name": "desc"}, "type": "param", "children": [{"attributes": {"text": "<p>The description of the animation.</p>"}, "type": "desc"}, {"attributes": {}, "type": "types", "children": [{"attributes": {"type": "Map"}, "type": "entry"}]}]}]}, {"attributes": {"text": "<p>Debugging helper to validate the description.</p>"}, "type": "desc"}]}, {"attributes": {"access": "protected", "line": 99, "isStatic": true, "name": "_animate"}, "type": "method", "children": [{"attributes": {}, "type": "params", "children": [{"attributes": {"name": "el"}, "type": "param", "children": [{"attributes": {"text": "<p>The element to animate.</p>"}, "type": "desc"}, {"attributes": {}, "type": "types", "children": [{"attributes": {"type": "Element"}, "type": "entry"}]}]}, {"attributes": {"name": "desc"}, "type": "param", "children": [{"attributes": {"text": "<p>Animation description.</p>"}, "type": "desc"}, {"attributes": {}, "type": "types", "children": [{"attributes": {"type": "Map"}, "type": "entry"}]}]}, {"attributes": {"optional": true, "name": "duration"}, "type": "param", "children": [{"attributes": {"text": "<p>The duration of the animation which will override the duration given in the description.</p>"}, "type": "desc"}, {"attributes": {}, "type": "types", "children": [{"attributes": {"type": "Integer"}, "type": "entry"}]}]}, {"attributes": {"name": "reverse"}, "type": "param", "children": [{"attributes": {"text": "<code>true</code>, if the animation should be reversed."}, "type": "desc"}, {"attributes": {}, "type": "types", "children": [{"attributes": {"type": "Boolean"}, "type": "entry"}]}]}]}, {"attributes": {"text": "<p>Internal method to start an animation either reverse or not.\n{@link qx.bom.element.Animation}.</p>"}, "type": "desc"}, {"attributes": {}, "type": "return", "children": [{"attributes": {"text": "<p>The handle.</p>"}, "type": "desc"}, {"attributes": {}, "type": "types", "children": [{"attributes": {"type": "qx.bom.element.AnimationHandle"}, "type": "entry"}]}]}]}, {"attributes": {"line": 83, "isStatic": true, "name": "animate"}, "type": "method", "children": [{"attributes": {}, "type": "params", "children": [{"attributes": {"name": "el"}, "type": "param", "children": [{"attributes": {"text": "<p>The element to animate.</p>"}, "type": "desc"}, {"attributes": {}, "type": "types", "children": [{"attributes": {"type": "Element"}, "type": "entry"}]}]}, {"attributes": {"name": "desc"}, "type": "param", "children": [{"attributes": {"text": "<p>Animation description.</p>"}, "type": "desc"}, {"attributes": {}, "type": "types", "children": [{"attributes": {"type": "Map"}, "type": "entry"}]}]}, {"attributes": {"optional": true, "name": "duration"}, "type": "param", "children": [{"attributes": {"text": "<p>The duration of the animation which will override the duration given in the description.</p>"}, "type": "desc"}, {"attributes": {}, "type": "types", "children": [{"attributes": {"type": "Integer"}, "type": "entry"}]}]}]}, {"attributes": {"text": "<p>This is the main function to start the animation. For further details,\ntake a look at the documentation of the wrapper\n{@link qx.bom.element.Animation}.</p>"}, "type": "desc"}, {"attributes": {}, "type": "return", "children": [{"attributes": {"text": "<p>The handle.</p>"}, "type": "desc"}, {"attributes": {}, "type": "types", "children": [{"attributes": {"type": "qx.bom.element.AnimationHandle"}, "type": "entry"}]}]}]}, {"attributes": {"line": 69, "isStatic": true, "name": "animateReverse"}, "type": "method", "children": [{"attributes": {}, "type": "params", "children": [{"attributes": {"name": "el"}, "type": "param", "children": [{"attributes": {"text": "<p>The element to animate.</p>"}, "type": "desc"}, {"attributes": {}, "type": "types", "children": [{"attributes": {"type": "Element"}, "type": "entry"}]}]}, {"attributes": {"name": "desc"}, "type": "param", "children": [{"attributes": {"text": "<p>Animation description.</p>"}, "type": "desc"}, {"attributes": {}, "type": "types", "children": [{"attributes": {"type": "Map"}, "type": "entry"}]}]}, {"attributes": {"optional": true, "name": "duration"}, "type": "param", "children": [{"attributes": {"text": "<p>The duration of the animation which will override the duration given in the description.</p>"}, "type": "desc"}, {"attributes": {}, "type": "types", "children": [{"attributes": {"type": "Integer"}, "type": "entry"}]}]}]}, {"attributes": {"text": "<p>This is the main function to start the animation in reverse mode.\nFor further details, take a look at the documentation of the wrapper\n{@link qx.bom.element.Animation}.</p>"}, "type": "desc"}, {"attributes": {}, "type": "return", "children": [{"attributes": {"text": "<p>The handle.</p>"}, "type": "desc"}, {"attributes": {}, "type": "types", "children": [{"attributes": {"type": "qx.bom.element.AnimationHandle"}, "type": "entry"}]}]}]}]}, {"attributes": {}, "type": "constants", "children": [{"attributes": {"access": "private", "name": "__cssAnimationKeys"}, "type": "constant", "children": [{"attributes": {"text": "<p>Map of cross browser <span class=\"caps\">CSS</span> keys.</p>"}, "type": "desc"}]}, {"attributes": {"access": "private", "name": "__transitionKeys"}, "type": "constant", "children": [{"attributes": {"text": "<p>The used keys for transforms.</p>"}, "type": "desc"}]}, {"attributes": {"access": "private", "type": "Number", "name": "__id", "value": "0"}, "type": "constant"}, {"attributes": {"access": "private", "name": "__rules"}, "type": "constant", "children": [{"attributes": {"text": "<p>Static map of rules</p>"}, "type": "desc"}]}, {"attributes": {"access": "private", "type": "String", "name": "__rulePrefix", "value": "Anni"}, "type": "constant"}, {"attributes": {"access": "private", "type": "Null", "name": "__sheet", "value": "null"}, "type": "constant"}]}]}