{"attributes": {"name": "GeoLocation", "packageName": "qx.bom", "superClass": "qx.core.Object", "isSingleton": true, "fullName": "qx.bom.GeoLocation", "type": "class"}, "type": "class", "children": [{"attributes": {"text": "<p><span class=\"caps\">EXPERIMENTAL</span> &#8211; <span class=\"caps\">NOT</span> <span class=\"caps\">READY</span> <span class=\"caps\">FOR</span> <span class=\"caps\">PRODUCTION</span></p>\n\n<p>GeoLocation provides access to geographical location information\nassociated with the hosting device.</p>\n\n<p>For more information see:\n<a href=\"http://www.w3.org/TR/geolocation-API/\">http://www.w3.org/TR/geolocation-API/</a></p>"}, "type": "desc"}, {"attributes": {}, "type": "constructor", "children": [{"attributes": {"docFrom": "qx.core.Object", "line": 39, "isCtor": true, "overriddenFrom": "qx.core.Object", "name": "ctor"}, "type": "method"}]}, {"attributes": {}, "type": "events", "children": [{"attributes": {"name": "error"}, "type": "event", "children": [{"attributes": {"text": "<p>Fired when an error occurs</p>"}, "type": "desc"}, {"attributes": {}, "type": "types", "children": [{"attributes": {"type": "qx.event.type.Data"}, "type": "entry"}]}]}, {"attributes": {"name": "position"}, "type": "event", "children": [{"attributes": {"text": "<p>Fired when the position is updated</p>"}, "type": "desc"}, {"attributes": {}, "type": "types", "children": [{"attributes": {"type": "qx.event.type.GeoPosition"}, "type": "entry"}]}]}]}, {"attributes": {}, "type": "methods", "children": [{"attributes": {"access": "protected", "line": 130, "name": "_errorHandler"}, "type": "method", "children": [{"attributes": {}, "type": "params", "children": [{"attributes": {"name": "error"}, "type": "param", "children": [{"attributes": {"text": "<p>error event</p>"}, "type": "desc"}, {"attributes": {}, "type": "types", "children": [{"attributes": {"type": "Function"}, "type": "entry"}]}]}]}, {"attributes": {"text": "<p>The Error handler.</p>"}, "type": "desc"}]}, {"attributes": {"access": "protected", "line": 120, "name": "_successHandler"}, "type": "method", "children": [{"attributes": {}, "type": "params", "children": [{"attributes": {"name": "position"}, "type": "param", "children": [{"attributes": {"text": "<p>position event</p>"}, "type": "desc"}, {"attributes": {}, "type": "types", "children": [{"attributes": {"type": "Function"}, "type": "entry"}]}]}]}, {"attributes": {"text": "<p>Success handler.</p>"}, "type": "desc"}]}, {"attributes": {"line": 68, "name": "getCurrentPosition"}, "type": "method", "children": [{"attributes": {}, "type": "params", "children": [{"attributes": {"name": "enableHighAccuracy"}, "type": "param", "children": [{"attributes": {"text": "<p>provide the best possible results</p>"}, "type": "desc"}, {"attributes": {}, "type": "types", "children": [{"attributes": {"type": "Function"}, "type": "entry"}]}]}, {"attributes": {"name": "timeout"}, "type": "param", "children": [{"attributes": {"text": "<p>maximum time in ms that is allowed to pass from the call to getCurrentPosition() or watchPosition() until the corresponding callback is invoked.</p>"}, "type": "desc"}, {"attributes": {}, "type": "types", "children": [{"attributes": {"type": "Function"}, "type": "entry"}]}]}, {"attributes": {"name": "maximumAge"}, "type": "param", "children": [{"attributes": {"text": "<p>cache the position for a specified time.</p>"}, "type": "desc"}, {"attributes": {}, "type": "types", "children": [{"attributes": {"type": "Function"}, "type": "entry"}]}]}]}, {"attributes": {"text": "<p>Retrieves the current position and calls the &#8220;position&#8221; event.</p>"}, "type": "desc"}]}, {"attributes": {"line": 89, "name": "startWatchPosition"}, "type": "method", "children": [{"attributes": {}, "type": "params", "children": [{"attributes": {"name": "enableHighAccuracy"}, "type": "param", "children": [{"attributes": {"text": "<p>provide the best possible results</p>"}, "type": "desc"}, {"attributes": {}, "type": "types", "children": [{"attributes": {"type": "Function"}, "type": "entry"}]}]}, {"attributes": {"name": "timeout"}, "type": "param", "children": [{"attributes": {"text": "<p>maximum time in ms that is allowed to pass from the call to getCurrentPosition() or watchPosition() until the corresponding callback is invoked.</p>"}, "type": "desc"}, {"attributes": {}, "type": "types", "children": [{"attributes": {"type": "Function"}, "type": "entry"}]}]}, {"attributes": {"name": "maximumAge"}, "type": "param", "children": [{"attributes": {"text": "<p>cache the position for a specified time.</p>"}, "type": "desc"}, {"attributes": {}, "type": "types", "children": [{"attributes": {"type": "Function"}, "type": "entry"}]}]}]}, {"attributes": {"text": "<p>Starts to watch the position. Calls the &#8220;position&#8221; event, when the position changed.</p>"}, "type": "desc"}]}, {"attributes": {"line": 107, "name": "stopWatchPosition"}, "type": "method", "children": [{"attributes": {"text": "<p>Stops watching the position.</p>"}, "type": "desc"}]}]}, {"attributes": {}, "type": "methods-static", "children": [{"attributes": {"line": 11, "isStatic": true, "name": "getInstance"}, "type": "method", "children": [{"attributes": {"text": "<p>Returns a singleton instance of this class. On the first call the class\nis instantiated by calling the constructor with no arguments. All following\ncalls will return this instance.</p>\n\n<p>This method has been added by setting the &#8220;type&#8221; key in the class definition\n({@link qx.Class#define}) to &#8220;singleton&#8221;.</p>"}, "type": "desc"}, {"attributes": {}, "type": "return", "children": [{"attributes": {"text": "<p>The singleton instance of this class.</p>"}, "type": "desc"}, {"attributes": {}, "type": "types", "children": [{"attributes": {"type": "qx.bom.GeoLocation"}, "type": "entry"}]}]}]}]}]}