{"attributes": {"packageName": "qx.core", "type": "mixin", "fullName": "qx.core.MBindTo", "name": "MBindTo"}, "type": "class", "children": [{"attributes": {"text": "<p>Mixin to add a bindTo method to a class, making it easy to bind a function\nto an object instance for use in lieu of calls to static method\nqx.lang.Function.bind().</p>\n\n<p>The easiest (but not necessarily most efficient) way to use this mixin is\nto include it in qx.core.Object by adding this line some place in the\napplication code (typically in main()):</p>\n\n<pre>\n  qx.Class.include(qx.core.Object, qx.core.MBindTo);\n</pre>\n\n<p>If object footprint (memory use) is of significant concern, that may be a\nbit excessive since every object which is a descendent of qx.core.Object\nwill have the methods defined in the mixin. Instead, if a certain class\nwill have many functions bound to it (of particular use for callback\nfunctions), qx.Class.include() could be used to include this mixin in that\nclass instead of in qx.core.Object.</p>\n\n<p>Alternatively, that class may be subclassed, and the &#8216;include&#8217; key of the\nclass configuration could be used to always include this mixin in the\nsubclass. e.g.</p>\n\n<pre>\n  qx.Class.define(\"custom.Table\",\n  {\n    extend  : qx.ui.table.Table,\n    include : [ qx.core.MBindTo ]\n  });\n</pre>"}, "type": "desc"}, {"attributes": {}, "type": "methods", "children": [{"attributes": {"line": 65, "isMixin": true, "name": "bindTo"}, "type": "method", "children": [{"attributes": {}, "type": "params", "children": [{"attributes": {"name": "func"}, "type": "param", "children": [{"attributes": {"text": "<p>The function to be bound</p>"}, "type": "desc"}, {"attributes": {}, "type": "types", "children": [{"attributes": {"type": "Function"}, "type": "entry"}]}]}, {"attributes": {"optional": true, "name": "varargs"}, "type": "param", "children": [{"attributes": {"text": "<p>Optional arguments to be passed to the function.</p>"}, "type": "desc"}, {"attributes": {}, "type": "types", "children": [{"attributes": {"type": "var"}, "type": "entry"}]}]}]}, {"attributes": {"text": "<p>Bind a function to this object</p>"}, "type": "desc"}, {"attributes": {}, "type": "return", "children": [{"attributes": {"text": "<p>A wrapped version of the function that binds &#8216;this&#8217; to the user-provided function.</p>"}, "type": "desc"}, {"attributes": {}, "type": "types", "children": [{"attributes": {"type": "Function"}, "type": "entry"}]}]}]}]}]}