{"attributes": {"isStatic": true, "name": "Property", "isInternal": true, "packageName": "qx.core", "access": "internal", "fullName": "qx.core.Property", "type": "bootstrap"}, "type": "class", "children": [{"attributes": {"text": "<p>Internal class for handling of dynamic properties. Should only be used\nthrough the methods provided by {@link qx.Class}.</p>\n\n<p>For a complete documentation of properties take a look at\n<a href=\"http://manual.qooxdoo.org/3.5/pages/core.html#properties\">http://manual.qooxdoo.org/3.5/pages/core.html#properties</a>.</p>\n\n<p><strong>Normal properties</strong></p>\n\n<p>The <code>properties</code> key in the class definition map of {@link qx.Class#define}\nis used to generate the properties.</p>\n\n<p>Valid keys of a property definition are:</p>\n\n<table>\n  <tr><th>Name</th><th>Type</th><th>Description</th></tr>\n  <tr><th>check</th><td>Array, String, Function</td><td>\n    The check is used to check the type the incoming value of a property. This will only\n    be executed in the source version. The build version will not contain the checks.\n    The check can be:\n    <ul>\n      <li>a custom check function. The function takes the incoming value as a parameter and must\n          return a boolean value to indicate whether the values is valid.\n      </li>\n      <li>inline check code as a string e.g. <code>\"value &gt; 0 &amp;&amp; value &lt; 100\"</code></li>\n      <li>a class name e.g. <code>qx.ui.form.Button</code></li>\n      <li>a name of an interface the value must implement</li>\n      <li>an array of all valid values</li>\n      <li>one of the predefined checks: Boolean, String, Number, Integer, Float, Double,\n          Object, Array, Map, Class, Mixin, Interface, Theme, Error, RegExp, Function,\n          Date, Node, Element, Document, Window, Event\n      </li>\n    <ul>\n  </td></tr>\n  <tr><th>init</th><td>var</td><td>\n    Sets the default/initial value of the property. If no property value is set or the property\n    gets reset, the getter will return the <code>init</code> value.\n  </td></tr>\n  <tr><th>apply</th><td>String</td><td>\n    On change of the property value the method of the specified name will be called. The signature of\n    the method is <code>function(newValue, oldValue, propertyName)</code>. It is conventional to name\n    the callback <code>_apply</code> + <i>PropertyName</i>, with the property name camel-cased (e.g.\n    \"<i>_applyFooBar</i>\" for a property <i>fooBar</i>).\n  </td></tr>\n  <tr><th>event</th><td>String</td><td>\n    On change of the property value an event with the given name will be dispatched. The event type is\n    {@link qx.event.type.Data}.\n  </td></tr>\n  <tr><th>themeable</th><td>Boolean</td><td>\n    Whether this property can be set using themes.\n  </td></tr>\n  <tr><th>inheritable</th><td>Boolean</td><td>\n    Whether the property value should be inheritable. If the property does not have an user defined or an\n    init value, the property will try to get the value from the parent of the current object.\n  </td></tr>\n  <tr><th>nullable</th><td>Boolean</td><td>\n    Whether <code>null</code> is an allowed value of the property. This is complementary to the check\n    defined using the <code>check</code> key.\n  </td></tr>\n  <tr><th>refine</th><td>Boolean</td><td>\n    Whether the property definition is a refinement of a property in one of the super classes of the class.\n    Only the <code>init</code> value can be changed using refine.\n  </td></tr>\n  <tr><th>transform</th><td>String</td><td>\n    On setting of the property value the method of the specified name will\n    be called. The signature of the method is <code>function(value)</code>.\n    The parameter <code>value</code> is the value passed to the setter.\n    The function must return the modified or unmodified value.\n    Transformation occurs before the check function, so both may be\n    specified if desired.  Alternatively, the transform function may throw\n    an error if the value passed to it is invalid.\n  </td></tr>\n  <tr><th>validate</th><td>Function, String</td><td>\n    On setting of the property value the method of the specified name will\n    be called. The signature of the method is <code>function(value)</code>.\n    The parameter <code>value</code> is the value passed to the setter.\n    If the validation fails, an <code>qx.core.ValidationError</code> should\n    be thrown by the validation function. Otherwise, just do nothing in the\n    function.\n\n<p>If a string is given, the string should hold a reference to a member\n    method.</p>\n\n<code>\"<i>methodname</i>\"</code> for example\n    <code>\"__validateProperty\"</code>\n\n<p>There are some default validators in the {@link qx.util.Validate} class.\n    See this documentation for usage examples.\n  </td></tr>\n  <tr><th>dereference</th><td>Boolean</td><td>\n    By default, the references to the values (current, init, ...) of the\n    property will be stored as references on the object. When disposing\n    this object, the references will not be deleted. Setting the\n    dereference key to true tells the property system to delete all\n    connections made by this property on dispose. This can be necessary for\n    disconnecting <span class=\"caps\">DOM</span> objects to allow the garbage collector to work\n    properly.\n  </td></tr>\n  <tr><th>deferredInit</th><td>Boolean</td><td>\n    Allow for a deferred initialization for reference types. Defaults to false.\n  </td></tr>\n</table></p>\n\n<p><strong>Property groups</strong></p>\n\n<p>Property groups are defined in a similar way but support a different set of keys:</p>\n\n<table>\n  <tr><th>Name</th><th>Type</th><th>Description</th></tr>\n  <tr><th>group</th><td>String[]</td><td>\n    A list of property names which should be set using the property group.\n  </td></tr>\n  <tr><th>mode</th><td>String</td><td>\n    If mode is set to <code>\"shorthand\"</code>, the properties can be set using a CSS like shorthand mode.\n  </td></tr>\n  <tr><th>themeable</th><td>Boolean</td><td>\n    Whether this property can be set using themes.\n  </td></tr>\n</table>"}, "type": "desc"}, {"attributes": {}, "type": "methods-static", "children": [{"attributes": {"access": "private", "line": 419, "isStatic": true, "name": "__attachGroupMethods"}, "type": "method", "children": [{"attributes": {}, "type": "params", "children": [{"attributes": {"name": "clazz"}, "type": "param", "children": [{"attributes": {"text": "<p>Class to attach properties to</p>"}, "type": "desc"}, {"attributes": {}, "type": "types", "children": [{"attributes": {"type": "Class"}, "type": "entry"}]}]}, {"attributes": {"name": "config"}, "type": "param", "children": [{"attributes": {"text": "<p>Property configuration</p>"}, "type": "desc"}, {"attributes": {}, "type": "types", "children": [{"attributes": {"type": "Map"}, "type": "entry"}]}]}, {"attributes": {"name": "name"}, "type": "param", "children": [{"attributes": {"text": "<p>Name of the property</p>"}, "type": "desc"}, {"attributes": {}, "type": "types", "children": [{"attributes": {"type": "String"}, "type": "entry"}]}]}]}, {"attributes": {"text": "<p>Attach group methods</p>"}, "type": "desc"}]}, {"attributes": {"access": "private", "line": 513, "isStatic": true, "name": "__attachPropertyMethods"}, "type": "method", "children": [{"attributes": {}, "type": "params", "children": [{"attributes": {"name": "clazz"}, "type": "param", "children": [{"attributes": {"text": "<p>Class to attach properties to</p>"}, "type": "desc"}, {"attributes": {}, "type": "types", "children": [{"attributes": {"type": "Class"}, "type": "entry"}]}]}, {"attributes": {"name": "config"}, "type": "param", "children": [{"attributes": {"text": "<p>Property configuration</p>"}, "type": "desc"}, {"attributes": {}, "type": "types", "children": [{"attributes": {"type": "Map"}, "type": "entry"}]}]}, {"attributes": {"name": "name"}, "type": "param", "children": [{"attributes": {"text": "<p>Name of the property</p>"}, "type": "desc"}, {"attributes": {}, "type": "types", "children": [{"attributes": {"type": "String"}, "type": "entry"}]}]}]}, {"attributes": {"text": "<p>Attach property methods</p>"}, "type": "desc"}]}, {"attributes": {"access": "private", "line": 356, "isStatic": true, "name": "__createRefresher"}, "type": "method", "children": [{"attributes": {}, "type": "params", "children": [{"attributes": {"name": "inheritables"}, "type": "param", "children": [{"attributes": {"text": "<p>list of inheritable properties</p>"}, "type": "desc"}, {"attributes": {}, "type": "types", "children": [{"attributes": {"type": "String", "dimensions": 1}, "type": "entry"}]}]}]}, {"attributes": {"text": "<p>Assemble the refresher code and return the generated function</p>"}, "type": "desc"}, {"attributes": {}, "type": "return", "children": [{"attributes": {"text": "<p>refresher function</p>"}, "type": "desc"}, {"attributes": {}, "type": "types", "children": [{"attributes": {"type": "Function"}, "type": "entry"}]}]}]}, {"attributes": {"access": "private", "line": 1500, "isStatic": true, "name": "__emitCallCallback"}, "type": "method", "children": [{"attributes": {}, "type": "params", "children": [{"attributes": {"name": "code"}, "type": "param", "children": [{"attributes": {"text": "<p>String array to append the code to</p>"}, "type": "desc"}, {"attributes": {}, "type": "types", "children": [{"attributes": {"type": "String", "dimensions": 1}, "type": "entry"}]}]}, {"attributes": {"name": "config"}, "type": "param", "children": [{"attributes": {"text": "<p>The property configuration map</p>"}, "type": "desc"}, {"attributes": {}, "type": "types", "children": [{"attributes": {"type": "Object"}, "type": "entry"}]}]}, {"attributes": {"name": "name"}, "type": "param", "children": [{"attributes": {"text": "<p>name of the property</p>"}, "type": "desc"}, {"attributes": {}, "type": "types", "children": [{"attributes": {"type": "String"}, "type": "entry"}]}]}, {"attributes": {"name": "variant"}, "type": "param", "children": [{"attributes": {"text": "<p>variant of the method e.g. setThemed</p>"}, "type": "desc"}, {"attributes": {}, "type": "types", "children": [{"attributes": {"type": "String"}, "type": "entry"}]}]}]}, {"attributes": {"text": "<p>Emit code to call the apply method and fire the change event</p>"}, "type": "desc"}]}, {"attributes": {"access": "private", "line": 958, "isStatic": true, "name": "__emitIncomingValueTransformation"}, "type": "method", "children": [{"attributes": {}, "type": "params", "children": [{"attributes": {"name": "code"}, "type": "param", "children": [{"attributes": {"text": "<p>String array to append the code to</p>"}, "type": "desc"}, {"attributes": {}, "type": "types", "children": [{"attributes": {"type": "String", "dimensions": 1}, "type": "entry"}]}]}, {"attributes": {"name": "clazz"}, "type": "param", "children": [{"attributes": {"text": "<p>the class which originally defined the property</p>"}, "type": "desc"}, {"attributes": {}, "type": "types", "children": [{"attributes": {"type": "Class"}, "type": "entry"}]}]}, {"attributes": {"name": "config"}, "type": "param", "children": [{"attributes": {"text": "<p>The property configuration map</p>"}, "type": "desc"}, {"attributes": {}, "type": "types", "children": [{"attributes": {"type": "Object"}, "type": "entry"}]}]}, {"attributes": {"name": "name"}, "type": "param", "children": [{"attributes": {"text": "<p>name of the property</p>"}, "type": "desc"}, {"attributes": {}, "type": "types", "children": [{"attributes": {"type": "String"}, "type": "entry"}]}]}]}, {"attributes": {"text": "<p>Emit code to apply the &#8220;validate&#8221; and &#8220;transform&#8221; config keys.</p>"}, "type": "desc"}]}, {"attributes": {"access": "private", "line": 1, "isStatic": true, "name": "__emitIncomingValueValidation"}, "type": "method", "children": [{"attributes": {}, "type": "params", "children": [{"attributes": {"name": "code"}, "type": "param", "children": [{"attributes": {"text": "<p>String array to append the code to</p>"}, "type": "desc"}, {"attributes": {}, "type": "types", "children": [{"attributes": {"type": "String", "dimensions": 1}, "type": "entry"}]}]}, {"attributes": {"name": "config"}, "type": "param", "children": [{"attributes": {"text": "<p>The property configuration map</p>"}, "type": "desc"}, {"attributes": {}, "type": "types", "children": [{"attributes": {"type": "Object"}, "type": "entry"}]}]}, {"attributes": {"name": "clazz"}, "type": "param", "children": [{"attributes": {"text": "<p>the class which originally defined the property</p>"}, "type": "desc"}, {"attributes": {}, "type": "types", "children": [{"attributes": {"type": "Class"}, "type": "entry"}]}]}, {"attributes": {"name": "name"}, "type": "param", "children": [{"attributes": {"text": "<p>name of the property</p>"}, "type": "desc"}, {"attributes": {}, "type": "types", "children": [{"attributes": {"type": "String"}, "type": "entry"}]}]}, {"attributes": {"name": "variant"}, "type": "param", "children": [{"attributes": {"text": "<p>Method variant.</p>"}, "type": "desc"}, {"attributes": {}, "type": "types", "children": [{"attributes": {"type": "String"}, "type": "entry"}]}]}]}, {"attributes": {"text": "<p>Emit code, which performs validation of the incoming value according to\nthe &#8220;nullable&#8221;, &#8220;check&#8221; and &#8220;inheritable&#8221; config keys.</p>"}, "type": "desc"}]}, {"attributes": {"access": "private", "line": 1472, "isStatic": true, "name": "__emitNormalizeUndefinedValues"}, "type": "method", "children": [{"attributes": {}, "type": "params", "children": [{"attributes": {"name": "code"}, "type": "param", "children": [{"attributes": {"text": "<p>String array to append the code to</p>"}, "type": "desc"}, {"attributes": {}, "type": "types", "children": [{"attributes": {"type": "String", "dimensions": 1}, "type": "entry"}]}]}, {"attributes": {"name": "config"}, "type": "param", "children": [{"attributes": {"text": "<p>The property configuration map</p>"}, "type": "desc"}, {"attributes": {}, "type": "types", "children": [{"attributes": {"type": "Object"}, "type": "entry"}]}]}, {"attributes": {"name": "name"}, "type": "param", "children": [{"attributes": {"text": "<p>name of the property</p>"}, "type": "desc"}, {"attributes": {}, "type": "types", "children": [{"attributes": {"type": "String"}, "type": "entry"}]}]}, {"attributes": {"name": "variant"}, "type": "param", "children": [{"attributes": {"text": "<p>Method variant.</p>"}, "type": "desc"}, {"attributes": {}, "type": "types", "children": [{"attributes": {"type": "String"}, "type": "entry"}]}]}]}, {"attributes": {"text": "<p>Emit code to normalize the old and incoming values from undefined to\n<code>null</code>.</p>"}, "type": "desc"}]}, {"attributes": {"access": "private", "line": 989, "isStatic": true, "name": "__emitOldNewComparison"}, "type": "method", "children": [{"attributes": {}, "type": "params", "children": [{"attributes": {"name": "code"}, "type": "param", "children": [{"attributes": {"text": "<p>String array to append the code to</p>"}, "type": "desc"}, {"attributes": {}, "type": "types", "children": [{"attributes": {"type": "String", "dimensions": 1}, "type": "entry"}]}]}, {"attributes": {"name": "incomingValue"}, "type": "param", "children": [{"attributes": {"text": "<p>Whether the setter has an incoming value</p>"}, "type": "desc"}, {"attributes": {}, "type": "types", "children": [{"attributes": {"type": "Boolean"}, "type": "entry"}]}]}, {"attributes": {"name": "store"}, "type": "param", "children": [{"attributes": {"text": "<p>The data store to use for the incoming value</p>"}, "type": "desc"}, {"attributes": {}, "type": "types", "children": [{"attributes": {"type": "Object"}, "type": "entry"}]}]}, {"attributes": {"name": "variant"}, "type": "param", "children": [{"attributes": {"text": "<p>Method variant.</p>"}, "type": "desc"}, {"attributes": {}, "type": "types", "children": [{"attributes": {"type": "String"}, "type": "entry"}]}]}]}, {"attributes": {"text": "<p>Emit code, which returns if the incoming value equals the current value.</p>"}, "type": "desc"}]}, {"attributes": {"access": "private", "line": 1524, "isStatic": true, "name": "__emitRefreshChildrenValue"}, "type": "method", "children": [{"attributes": {}, "type": "params", "children": [{"attributes": {"name": "code"}, "type": "param", "children": [{"attributes": {"text": "<p>String array to append the code to</p>"}, "type": "desc"}, {"attributes": {}, "type": "types", "children": [{"attributes": {"type": "String", "dimensions": 1}, "type": "entry"}]}]}, {"attributes": {"name": "name"}, "type": "param", "children": [{"attributes": {"text": "<p>name of the property</p>"}, "type": "desc"}, {"attributes": {}, "type": "types", "children": [{"attributes": {"type": "String"}, "type": "entry"}]}]}]}, {"attributes": {"text": "<p>Emit code to update the inherited values of child objects</p>"}, "type": "desc"}]}, {"attributes": {"access": "private", "line": 906, "isStatic": true, "name": "__emitSetterPreConditions"}, "type": "method", "children": [{"attributes": {}, "type": "params", "children": [{"attributes": {"name": "code"}, "type": "param", "children": [{"attributes": {"text": "<p>String array to append the code to</p>"}, "type": "desc"}, {"attributes": {}, "type": "types", "children": [{"attributes": {"type": "String", "dimensions": 1}, "type": "entry"}]}]}, {"attributes": {"name": "config"}, "type": "param", "children": [{"attributes": {"text": "<p>The property configuration map</p>"}, "type": "desc"}, {"attributes": {}, "type": "types", "children": [{"attributes": {"type": "Object"}, "type": "entry"}]}]}, {"attributes": {"name": "name"}, "type": "param", "children": [{"attributes": {"text": "<p>name of the property</p>"}, "type": "desc"}, {"attributes": {}, "type": "types", "children": [{"attributes": {"type": "String"}, "type": "entry"}]}]}, {"attributes": {"name": "variant"}, "type": "param", "children": [{"attributes": {"text": "<p>Method variant.</p>"}, "type": "desc"}, {"attributes": {}, "type": "types", "children": [{"attributes": {"type": "String"}, "type": "entry"}]}]}, {"attributes": {"name": "incomingValue"}, "type": "param", "children": [{"attributes": {"text": "<p>Whether the setter has an incoming value</p>"}, "type": "desc"}, {"attributes": {}, "type": "types", "children": [{"attributes": {"type": "Boolean"}, "type": "entry"}]}]}]}, {"attributes": {"text": "<p>Emit code to check the arguments pre-conditions</p>"}, "type": "desc"}]}, {"attributes": {"access": "private", "line": 1134, "isStatic": true, "name": "__emitStoreComputedAndOldValue"}, "type": "method", "children": [{"attributes": {}, "type": "params", "children": [{"attributes": {"name": "code"}, "type": "param", "children": [{"attributes": {"text": "<p>String array to append the code to</p>"}, "type": "desc"}, {"attributes": {}, "type": "types", "children": [{"attributes": {"type": "String", "dimensions": 1}, "type": "entry"}]}]}, {"attributes": {"name": "config"}, "type": "param", "children": [{"attributes": {"text": "<p>The property configuration map</p>"}, "type": "desc"}, {"attributes": {}, "type": "types", "children": [{"attributes": {"type": "Object"}, "type": "entry"}]}]}, {"attributes": {"name": "name"}, "type": "param", "children": [{"attributes": {"text": "<p>name of the property</p>"}, "type": "desc"}, {"attributes": {}, "type": "types", "children": [{"attributes": {"type": "String"}, "type": "entry"}]}]}, {"attributes": {"name": "variant"}, "type": "param", "children": [{"attributes": {"text": "<p>Method variant.</p>"}, "type": "desc"}, {"attributes": {}, "type": "types", "children": [{"attributes": {"type": "String"}, "type": "entry"}]}]}, {"attributes": {"name": "incomingValue"}, "type": "param", "children": [{"attributes": {"text": "<p>Whether the setter has an incoming value</p>"}, "type": "desc"}, {"attributes": {}, "type": "types", "children": [{"attributes": {"type": "Boolean"}, "type": "entry"}]}]}]}, {"attributes": {"text": "<p>Emit code to store the incoming value and compute the &#8220;old&#8221; and &#8220;computed&#8221;\nvalues.</p>"}, "type": "desc"}]}, {"attributes": {"access": "private", "line": 1412, "isStatic": true, "name": "__emitStoreInheritedPropertyValue"}, "type": "method", "children": [{"attributes": {}, "type": "params", "children": [{"attributes": {"name": "code"}, "type": "param", "children": [{"attributes": {"text": "<p>String array to append the code to</p>"}, "type": "desc"}, {"attributes": {}, "type": "types", "children": [{"attributes": {"type": "String", "dimensions": 1}, "type": "entry"}]}]}, {"attributes": {"name": "config"}, "type": "param", "children": [{"attributes": {"text": "<p>The property configuration map</p>"}, "type": "desc"}, {"attributes": {}, "type": "types", "children": [{"attributes": {"type": "Object"}, "type": "entry"}]}]}, {"attributes": {"name": "name"}, "type": "param", "children": [{"attributes": {"text": "<p>name of the property</p>"}, "type": "desc"}, {"attributes": {}, "type": "types", "children": [{"attributes": {"type": "String"}, "type": "entry"}]}]}, {"attributes": {"name": "variant"}, "type": "param", "children": [{"attributes": {"text": "<p>Method variant.</p>"}, "type": "desc"}, {"attributes": {}, "type": "types", "children": [{"attributes": {"type": "String"}, "type": "entry"}]}]}]}, {"attributes": {"text": "<p>Emit code to store the value of an inheritable property</p>"}, "type": "desc"}]}, {"attributes": {"access": "private", "line": 1088, "isStatic": true, "name": "__emitStoreValue"}, "type": "method", "children": [{"attributes": {}, "type": "params", "children": [{"attributes": {"name": "code"}, "type": "param", "children": [{"attributes": {"text": "<p>String array to append the code to</p>"}, "type": "desc"}, {"attributes": {}, "type": "types", "children": [{"attributes": {"type": "String", "dimensions": 1}, "type": "entry"}]}]}, {"attributes": {"name": "name"}, "type": "param", "children": [{"attributes": {"text": "<p>name of the property</p>"}, "type": "desc"}, {"attributes": {}, "type": "types", "children": [{"attributes": {"type": "String"}, "type": "entry"}]}]}, {"attributes": {"name": "variant"}, "type": "param", "children": [{"attributes": {"text": "<p>Method variant.</p>"}, "type": "desc"}, {"attributes": {}, "type": "types", "children": [{"attributes": {"type": "String"}, "type": "entry"}]}]}, {"attributes": {"name": "incomingValue"}, "type": "param", "children": [{"attributes": {"text": "<p>Whether the setter has an incoming value</p>"}, "type": "desc"}, {"attributes": {}, "type": "types", "children": [{"attributes": {"type": "Boolean"}, "type": "entry"}]}]}]}, {"attributes": {"text": "<p>Emit code to store the incoming value</p>"}, "type": "desc"}]}, {"attributes": {"access": "private", "line": 302, "isStatic": true, "name": "__executeOptimizedRefresh"}, "type": "method", "children": [{"attributes": {}, "type": "params", "children": [{"attributes": {"name": "clazz"}, "type": "param", "children": [{"attributes": {"text": "<p>clazz to which the refresher should be added</p>"}, "type": "desc"}, {"attributes": {}, "type": "types", "children": [{"attributes": {"type": "Class"}, "type": "entry"}]}]}]}, {"attributes": {"text": "<p>Generate optimized refresh method and  attach it to the class&#8217; prototype</p>"}, "type": "desc"}]}, {"attributes": {"access": "private", "line": 151, "isStatic": true, "name": "__gatherDependency"}, "type": "method", "children": [{"attributes": {"text": "<p>This is a method which does nothing than gethering dependencies for the\nmodule system. Calling this method is useless because it does nothing.</p>"}, "type": "desc"}]}, {"attributes": {"access": "private", "line": 322, "isStatic": true, "name": "__getInheritablesOfClass"}, "type": "method", "children": [{"attributes": {}, "type": "params", "children": [{"attributes": {"name": "clazz"}, "type": "param", "children": [{"attributes": {"text": "<p>class to get the inheritable properties of</p>"}, "type": "desc"}, {"attributes": {}, "type": "types", "children": [{"attributes": {"type": "Class"}, "type": "entry"}]}]}]}, {"attributes": {"text": "<p>Get the names of all inheritable properties of the given class</p>"}, "type": "desc"}, {"attributes": {}, "type": "return", "children": [{"attributes": {"text": "<p>List of property names</p>"}, "type": "desc"}, {"attributes": {}, "type": "types", "children": [{"attributes": {"type": "String", "dimensions": 1}, "type": "entry"}]}]}]}, {"attributes": {"access": "private", "line": 881, "isStatic": true, "name": "__getStore"}, "type": "method", "children": [{"attributes": {}, "type": "params", "children": [{"attributes": {"name": "variant"}, "type": "param", "children": [{"attributes": {"text": "<p>Method variant.</p>"}, "type": "desc"}, {"attributes": {}, "type": "types", "children": [{"attributes": {"type": "String"}, "type": "entry"}]}]}, {"attributes": {"name": "name"}, "type": "param", "children": [{"attributes": {"text": "<p>name of the property</p>"}, "type": "desc"}, {"attributes": {}, "type": "types", "children": [{"attributes": {"type": "String"}, "type": "entry"}]}]}]}, {"attributes": {"text": "<p>Get the object to store the value for the given variant</p>"}, "type": "desc"}, {"attributes": {}, "type": "return", "children": [{"attributes": {"text": "<p>the value store</p>"}, "type": "desc"}, {"attributes": {}, "type": "types", "children": [{"attributes": {"type": "Object"}, "type": "entry"}]}]}]}, {"attributes": {"access": "private", "line": 633, "isStatic": true, "name": "__shouldBeDereferenced"}, "type": "method", "children": [{"attributes": {}, "type": "params", "children": [{"attributes": {"name": "check"}, "type": "param", "children": [{"attributes": {"text": "<p>The check of the property definition.</p>"}, "type": "desc"}, {"attributes": {}, "type": "types", "children": [{"attributes": {"type": "var"}, "type": "entry"}]}]}]}, {"attributes": {"text": "<p>Returns if the reference for the given property check should be removed\non dispose.</p>"}, "type": "desc"}, {"attributes": {}, "type": "return", "children": [{"attributes": {"text": "<p>If the dereference key should be set.</p>"}, "type": "desc"}, {"attributes": {}, "type": "types", "children": [{"attributes": {"type": "Boolean"}, "type": "entry"}]}]}]}, {"attributes": {"access": "private", "line": 681, "isStatic": true, "name": "__unwrapFunctionFromCode"}, "type": "method", "children": [{"attributes": {}, "type": "params", "children": [{"attributes": {"name": "instance"}, "type": "param", "children": [{"attributes": {"text": "<p>Instance which have called the original method</p>"}, "type": "desc"}, {"attributes": {}, "type": "types", "children": [{"attributes": {"type": "Object"}, "type": "entry"}]}]}, {"attributes": {"name": "members"}, "type": "param", "children": [{"attributes": {"text": "<p>Prototype members map where the new function should be stored</p>"}, "type": "desc"}, {"attributes": {}, "type": "types", "children": [{"attributes": {"type": "Object"}, "type": "entry"}]}]}, {"attributes": {"name": "name"}, "type": "param", "children": [{"attributes": {"text": "<p>Name of the property</p>"}, "type": "desc"}, {"attributes": {}, "type": "types", "children": [{"attributes": {"type": "String"}, "type": "entry"}]}]}, {"attributes": {"name": "variant"}, "type": "param", "children": [{"attributes": {"text": "<p>Function variant e.g. get, set, reset, ...</p>"}, "type": "desc"}, {"attributes": {}, "type": "types", "children": [{"attributes": {"type": "String"}, "type": "entry"}]}]}, {"attributes": {"name": "code"}, "type": "param", "children": [{"attributes": {"text": "<p>Array which contains the code</p>"}, "type": "desc"}, {"attributes": {}, "type": "types", "children": [{"attributes": {"type": "Array"}, "type": "entry"}]}]}, {"attributes": {"name": "args"}, "type": "param", "children": [{"attributes": {"text": "<p>Incoming arguments of wrapper method</p>"}, "type": "desc"}, {"attributes": {}, "type": "types", "children": [{"attributes": {"type": "arguments"}, "type": "entry"}]}]}]}, {"attributes": {"text": "<p>Compiles a string builder object to a function, executes the function and\nreturns the return value.</p>"}, "type": "desc"}, {"attributes": {}, "type": "return", "children": [{"attributes": {"text": "<p>Return value of the generated function</p>"}, "type": "desc"}, {"attributes": {}, "type": "types", "children": [{"attributes": {"type": "var"}, "type": "entry"}]}]}]}, {"attributes": {"line": 403, "isStatic": true, "name": "attachMethods"}, "type": "method", "children": [{"attributes": {}, "type": "params", "children": [{"attributes": {"name": "clazz"}, "type": "param", "children": [{"attributes": {"text": "<p>Class to attach properties to</p>"}, "type": "desc"}, {"attributes": {}, "type": "types", "children": [{"attributes": {"type": "Class"}, "type": "entry"}]}]}, {"attributes": {"name": "name"}, "type": "param", "children": [{"attributes": {"text": "<p>Name of property</p>"}, "type": "desc"}, {"attributes": {}, "type": "types", "children": [{"attributes": {"type": "String"}, "type": "entry"}]}]}, {"attributes": {"name": "config"}, "type": "param", "children": [{"attributes": {"text": "<p>Configuration map of property</p>"}, "type": "desc"}, {"attributes": {}, "type": "types", "children": [{"attributes": {"type": "Map"}, "type": "entry"}]}]}]}, {"attributes": {"text": "<p>Attach one property to class</p>"}, "type": "desc"}]}, {"attributes": {"line": 386, "isStatic": true, "name": "attachRefreshInheritables"}, "type": "method", "children": [{"attributes": {}, "type": "params", "children": [{"attributes": {"name": "clazz"}, "type": "param", "children": [{"attributes": {"text": "<p>clazz to which the refresher should be added</p>"}, "type": "desc"}, {"attributes": {}, "type": "types", "children": [{"attributes": {"type": "Class"}, "type": "entry"}]}]}]}, {"attributes": {"text": "<p>Attach $refreshInheritables method stub to the given class</p>"}, "type": "desc"}]}, {"attributes": {"line": 659, "isStatic": true, "name": "error"}, "type": "method", "children": [{"attributes": {}, "type": "params", "children": [{"attributes": {"name": "obj"}, "type": "param", "children": [{"attributes": {"text": "<p>Any qooxdoo object</p>"}, "type": "desc"}, {"attributes": {}, "type": "types", "children": [{"attributes": {"type": "qx.core.Object"}, "type": "entry"}]}]}, {"attributes": {"name": "id"}, "type": "param", "children": [{"attributes": {"text": "<p>Numeric error identifier</p>"}, "type": "desc"}, {"attributes": {}, "type": "types", "children": [{"attributes": {"type": "Integer"}, "type": "entry"}]}]}, {"attributes": {"name": "property"}, "type": "param", "children": [{"attributes": {"text": "<p>Name of the property</p>"}, "type": "desc"}, {"attributes": {}, "type": "types", "children": [{"attributes": {"type": "String"}, "type": "entry"}]}]}, {"attributes": {"name": "variant"}, "type": "param", "children": [{"attributes": {"text": "<p>Name of the method variant e.g. &#8220;set&#8221;, &#8220;reset&#8221;, ...</p>"}, "type": "desc"}, {"attributes": {}, "type": "types", "children": [{"attributes": {"type": "String"}, "type": "entry"}]}]}, {"attributes": {"name": "value"}, "type": "param", "children": [{"attributes": {"text": "<p>Incoming value</p>"}, "type": "desc"}, {"attributes": {}, "type": "types", "children": [{"attributes": {"type": "var"}, "type": "entry"}]}]}]}, {"attributes": {"text": "<p>Error method used by the property system to report errors.</p>"}, "type": "desc"}]}, {"attributes": {"line": 732, "isStatic": true, "name": "executeOptimizedGetter"}, "type": "method", "children": [{"attributes": {}, "type": "params", "children": [{"attributes": {"name": "instance"}, "type": "param", "children": [{"attributes": {"text": "<p>the instance which calls the method</p>"}, "type": "desc"}, {"attributes": {}, "type": "types", "children": [{"attributes": {"type": "Object"}, "type": "entry"}]}]}, {"attributes": {"name": "clazz"}, "type": "param", "children": [{"attributes": {"text": "<p>the class which originally defined the property</p>"}, "type": "desc"}, {"attributes": {}, "type": "types", "children": [{"attributes": {"type": "Class"}, "type": "entry"}]}]}, {"attributes": {"name": "name"}, "type": "param", "children": [{"attributes": {"text": "<p>name of the property</p>"}, "type": "desc"}, {"attributes": {}, "type": "types", "children": [{"attributes": {"type": "String"}, "type": "entry"}]}]}, {"attributes": {"name": "variant"}, "type": "param", "children": [{"attributes": {"text": "<p>Method variant.</p>"}, "type": "desc"}, {"attributes": {}, "type": "types", "children": [{"attributes": {"type": "String"}, "type": "entry"}]}]}]}, {"attributes": {"text": "<p>Generates the optimized getter\nSupported variants: get</p>"}, "type": "desc"}, {"attributes": {}, "type": "return", "children": [{"attributes": {"text": "<p>Execute return value of apply generated function, generally the incoming value</p>"}, "type": "desc"}, {"attributes": {}, "type": "types", "children": [{"attributes": {"type": "var"}, "type": "entry"}]}]}]}, {"attributes": {"line": 808, "isStatic": true, "name": "executeOptimizedSetter"}, "type": "method", "children": [{"attributes": {}, "type": "params", "children": [{"attributes": {"name": "instance"}, "type": "param", "children": [{"attributes": {"text": "<p>the instance which calls the method</p>"}, "type": "desc"}, {"attributes": {}, "type": "types", "children": [{"attributes": {"type": "Object"}, "type": "entry"}]}]}, {"attributes": {"name": "clazz"}, "type": "param", "children": [{"attributes": {"text": "<p>the class which originally defined the property</p>"}, "type": "desc"}, {"attributes": {}, "type": "types", "children": [{"attributes": {"type": "Class"}, "type": "entry"}]}]}, {"attributes": {"name": "name"}, "type": "param", "children": [{"attributes": {"text": "<p>name of the property</p>"}, "type": "desc"}, {"attributes": {}, "type": "types", "children": [{"attributes": {"type": "String"}, "type": "entry"}]}]}, {"attributes": {"name": "variant"}, "type": "param", "children": [{"attributes": {"text": "<p>Method variant.</p>"}, "type": "desc"}, {"attributes": {}, "type": "types", "children": [{"attributes": {"type": "String"}, "type": "entry"}]}]}, {"attributes": {"name": "args"}, "type": "param", "children": [{"attributes": {"text": "<p>Incoming arguments of wrapper method</p>"}, "type": "desc"}, {"attributes": {}, "type": "types", "children": [{"attributes": {"type": "arguments"}, "type": "entry"}]}]}]}, {"attributes": {"text": "<p>Generates the optimized setter\nSupported variants: set, reset, init, refresh, style, unstyle</p>"}, "type": "desc"}, {"attributes": {}, "type": "return", "children": [{"attributes": {"text": "<p>Execute return value of apply generated function, generally the incoming value</p>"}, "type": "desc"}, {"attributes": {}, "type": "types", "children": [{"attributes": {"type": "var"}, "type": "entry"}]}]}]}]}, {"attributes": {}, "type": "constants", "children": [{"attributes": {"access": "private", "name": "__checks"}, "type": "constant", "children": [{"attributes": {"text": "<p>Built-in checks\nThe keys could be used in the check of the properties</p>"}, "type": "desc"}]}, {"attributes": {"access": "private", "name": "__errors"}, "type": "constant", "children": [{"attributes": {"text": "<p>Internal data field for error messages used by {@link #error}</p>"}, "type": "desc"}, {"attributes": {}, "type": "types", "children": [{"attributes": {"type": "Map"}, "type": "entry"}]}]}, {"attributes": {"access": "private", "name": "__dereference"}, "type": "constant", "children": [{"attributes": {"text": "<p>Contains types from {@link #__checks} list which need to be dereferenced</p>"}, "type": "desc"}]}]}]}