{"attributes": {"fullName": "qx.core.BaseInit", "packageName": "qx.core", "isStatic": true, "type": "class", "name": "BaseInit"}, "type": "class", "children": [{"attributes": {"text": "<p>This is the base class for non-browser qooxdoo applications.</p>"}, "type": "desc"}, {"attributes": {}, "type": "methods-static", "children": [{"attributes": {"access": "private", "line": 99, "isStatic": true, "name": "__close"}, "type": "method", "children": [{"attributes": {}, "type": "params", "children": [{"attributes": {"name": "e"}, "type": "param", "children": [{"attributes": {"text": "<p>Incoming beforeunload event.</p>"}, "type": "desc"}, {"attributes": {}, "type": "types", "children": [{"attributes": {"type": "qx.event.type.Native"}, "type": "entry"}]}]}]}, {"attributes": {"text": "<p>Runs before the document is unloaded. Calls the application&#8217;s close\nmethod to check if the unload process should be stopped.</p>"}, "type": "desc"}]}, {"attributes": {"access": "private", "line": 113, "isStatic": true, "name": "__shutdown"}, "type": "method", "children": [{"attributes": {"text": "<p>Runs when the document is unloaded. Automatically terminates a previously\ncreated application instance.</p>"}, "type": "desc"}]}, {"attributes": {"line": 43, "isStatic": true, "name": "getApplication"}, "type": "method", "children": [{"attributes": {"text": "<p>Returns the instantiated qooxdoo application.</p>"}, "type": "desc"}, {"attributes": {}, "type": "return", "children": [{"attributes": {"text": "<p>The application instance.</p>"}, "type": "desc"}, {"attributes": {}, "type": "types", "children": [{"attributes": {"type": "qx.core.Object"}, "type": "entry"}]}]}]}, {"attributes": {"line": 53, "isStatic": true, "name": "ready"}, "type": "method", "children": [{"attributes": {"text": "<p>Runs when the application is loaded. Automatically creates an instance\nof the class defined by the setting <code>qx.application</code>.</p>"}, "type": "desc"}]}]}, {"attributes": {}, "type": "constants", "children": [{"attributes": {"access": "private", "type": "Null", "name": "__application", "value": "null"}, "type": "constant"}]}]}