{"attributes": {"fullName": "qx.core.MLogging", "packageName": "qx.core", "type": "mixin", "name": "MLogging", "includer": "qx.core.Object"}, "type": "class", "children": [{"attributes": {"text": "<p>This mixin offers the basic logging features offered by {@link qx.log.Logger}.</p>"}, "type": "desc"}, {"attributes": {}, "type": "methods", "children": [{"attributes": {"access": "private", "line": 95, "isMixin": true, "name": "__logMessage"}, "type": "method", "children": [{"attributes": {}, "type": "params", "children": [{"attributes": {"name": "level"}, "type": "param", "children": [{"attributes": {"text": "<p>The log level of the message</p>"}, "type": "desc"}, {"attributes": {}, "type": "types", "children": [{"attributes": {"type": "String"}, "type": "entry"}]}]}, {"attributes": {"name": "varargs"}, "type": "param", "children": [{"attributes": {"text": "<p>Arguments list to be logged</p>"}, "type": "desc"}, {"attributes": {}, "type": "types", "children": [{"attributes": {"type": "arguments"}, "type": "entry"}]}]}]}, {"attributes": {"text": "<p>Helper that calls the appropriate logger function with the current object\nand any number of items.</p>"}, "type": "desc"}]}, {"attributes": {"line": 38, "isMixin": true, "name": "debug"}, "type": "method", "children": [{"attributes": {}, "type": "params", "children": [{"attributes": {"name": "varargs"}, "type": "param", "children": [{"attributes": {"text": "<p>The item(s) to log. Any number of arguments is supported. If an argument is not a string, the object dump will be logged.</p>"}, "type": "desc"}, {"attributes": {}, "type": "types", "children": [{"attributes": {"type": "var"}, "type": "entry"}]}]}]}, {"attributes": {"text": "<p>Logs a debug message.</p>"}, "type": "desc"}]}, {"attributes": {"line": 74, "isMixin": true, "name": "error"}, "type": "method", "children": [{"attributes": {}, "type": "params", "children": [{"attributes": {"name": "varargs"}, "type": "param", "children": [{"attributes": {"text": "<p>The item(s) to log. Any number of arguments is supported. If an argument is not a string, the object dump will be logged.</p>"}, "type": "desc"}, {"attributes": {}, "type": "types", "children": [{"attributes": {"type": "var"}, "type": "entry"}]}]}]}, {"attributes": {"text": "<p>Logs an error message.</p>"}, "type": "desc"}]}, {"attributes": {"line": 50, "isMixin": true, "name": "info"}, "type": "method", "children": [{"attributes": {}, "type": "params", "children": [{"attributes": {"name": "varargs"}, "type": "param", "children": [{"attributes": {"text": "<p>The item(s) to log. Any number of arguments is supported. If an argument is not a string, the object dump will be logged.</p>"}, "type": "desc"}, {"attributes": {}, "type": "types", "children": [{"attributes": {"type": "var"}, "type": "entry"}]}]}]}, {"attributes": {"text": "<p>Logs an info message.</p>"}, "type": "desc"}]}, {"attributes": {"line": 83, "isMixin": true, "name": "trace"}, "type": "method", "children": [{"attributes": {"text": "<p>Prints the current stack trace</p>"}, "type": "desc"}]}, {"attributes": {"line": 62, "isMixin": true, "name": "warn"}, "type": "method", "children": [{"attributes": {}, "type": "params", "children": [{"attributes": {"name": "varargs"}, "type": "param", "children": [{"attributes": {"text": "<p>The item(s) to log. Any number of arguments is supported. If an argument is not a string, the object dump will be logged.</p>"}, "type": "desc"}, {"attributes": {}, "type": "types", "children": [{"attributes": {"type": "var"}, "type": "entry"}]}]}]}, {"attributes": {"text": "<p>Logs a warning message.</p>"}, "type": "desc"}]}]}]}