{"attributes": {"fullName": "qx.core.MProperty", "packageName": "qx.core", "type": "mixin", "name": "MProperty", "includer": "qx.core.Object"}, "type": "class", "children": [{"attributes": {"text": "<p>This mixin offers the bacis property features which include generic\nsetter, getter and resetter.</p>"}, "type": "desc"}, {"attributes": {}, "type": "methods", "children": [{"attributes": {"line": 87, "isMixin": true, "name": "get"}, "type": "method", "children": [{"attributes": {}, "type": "params", "children": [{"attributes": {"name": "prop"}, "type": "param", "children": [{"attributes": {"text": "<p>Name of the property.</p>"}, "type": "desc"}, {"attributes": {}, "type": "types", "children": [{"attributes": {"type": "String"}, "type": "entry"}]}]}]}, {"attributes": {"text": "<p>Returns the value of the given property. If no generated getter could be\nfound, a fallback tries to access a handwritten getter.</p>"}, "type": "desc"}, {"attributes": {}, "type": "return", "children": [{"attributes": {"text": "<p>The value of the value</p>"}, "type": "desc"}, {"attributes": {}, "type": "types", "children": [{"attributes": {"type": "var"}, "type": "entry"}]}]}, {"attributes": {}, "type": "throws", "children": [{"attributes": {"text": "<p>if a property defined does not exist</p>", "type": "Error"}, "type": "desc"}]}]}, {"attributes": {"line": 112, "isMixin": true, "name": "reset"}, "type": "method", "children": [{"attributes": {}, "type": "params", "children": [{"attributes": {"name": "prop"}, "type": "param", "children": [{"attributes": {"text": "<p>Name of the property.</p>"}, "type": "desc"}, {"attributes": {}, "type": "types", "children": [{"attributes": {"type": "String"}, "type": "entry"}]}]}]}, {"attributes": {"text": "<p>Resets the value of the given property. If no generated resetter could be\nfound, a handwritten resetter will be invoked, if available.</p>"}, "type": "desc"}, {"attributes": {}, "type": "throws", "children": [{"attributes": {"text": "<p>if a property defined does not exist</p>", "type": "Error"}, "type": "desc"}]}]}, {"attributes": {"line": 39, "isMixin": true, "name": "set"}, "type": "method", "children": [{"attributes": {}, "type": "params", "children": [{"attributes": {"name": "data"}, "type": "param", "children": [{"attributes": {"text": "<p>a map of property values. The key is the name of the property.</p>"}, "type": "desc"}, {"attributes": {}, "type": "types", "children": [{"attributes": {"type": "Map"}, "type": "entry"}, {"attributes": {"type": "String"}, "type": "entry"}]}]}, {"attributes": {"optional": true, "name": "value"}, "type": "param", "children": [{"attributes": {"text": "<p>the value, only used when <code>data</code> is a string.</p>"}, "type": "desc"}, {"attributes": {}, "type": "types", "children": [{"attributes": {"type": "var"}, "type": "entry"}]}]}]}, {"attributes": {"text": "<p>Sets multiple properties at once by using a property list or\nsets one property and its value by the first and second argument.\nAs a fallback, if no generated property setter could be found, a\nhandwritten setter will be searched and invoked if available.</p>"}, "type": "desc"}, {"attributes": {}, "type": "return", "children": [{"attributes": {"text": "<p>this instance.</p>"}, "type": "desc"}, {"attributes": {}, "type": "types", "children": [{"attributes": {"type": "Object"}, "type": "entry"}]}]}, {"attributes": {}, "type": "throws", "children": [{"attributes": {"text": "<p>if a property defined does not exist</p>", "type": "Error"}, "type": "desc"}]}]}]}]}